date,averaging_period_end,averaging_period_days,actual_balances,required_reserves_avg,accounting_reserves,full_reserves,spread,spread_relative,spread_delta,spread_ma3,reserve_load,ruonia_rate,ruonia_period_avg,ruonia_start,flag_end_of_period,spread_mad_score,spread_relative_mad_score,spread_delta_mad_score,reserve_load_mad_score,ruonia_mad_score,m1_signal,m1_signal_final,m1_reliable
01-09-2004,30-09-2004,30,195.45666666666665,8.7,116.0,124.7,186.75666666666666,2146.6283524904215,,,63.7993076044136,,,,1,,,,,,0.0,0.0,0
01-10-2004,31-10-2004,31,231.54032258064515,9.1,117.3,126.39999999999999,222.44032258064516,2444.399149237859,35.6836559139785,,54.59092333948661,,,,1,,,,,,0.0,0.0,0
01-11-2004,30-11-2004,30,282.4883333333334,11.5,118.9,130.4,270.9883333333334,2356.420289855073,48.54801075268824,226.72844086021507,46.16119839757393,,,,1,,,,,,0.0,0.0,0
01-12-2004,31-12-2004,31,368.25967741935483,12.0,121.7,133.7,356.25967741935483,2968.8306451612902,85.27134408602143,283.2294444444445,36.30590265459594,,,,1,,,,,,0.0,0.0,0
01-01-2005,31-01-2005,31,356.6758064516129,12.7,171.6,184.29999999999998,343.9758064516129,2708.4709169418343,-12.283870967741905,323.7412724014337,51.671573082993035,,,,1,,,,,,0.0,0.0,0
01-02-2005,28-02-2005,28,265.6303571428571,13.2,129.1,142.29999999999998,252.43035714285713,1912.3511904761906,-91.54544930875579,317.5552803379416,53.57068428872023,,,,1,,,,,,0.0,0.0,0
01-03-2005,31-03-2005,31,286.12580645161296,13.4,133.2,146.6,272.725806451613,2035.26721232547,20.29544930875585,289.7106566820277,51.23620333938375,,,,1,,,,,,0.0,0.0,0
01-04-2005,30-04-2005,30,258.43000000000006,12.9,134.4,147.3,245.53000000000006,1903.333333333334,-27.195806451612924,256.8953878648234,56.99802654490577,,,,1,,,,,,0.0,0.0,0
01-05-2005,31-05-2005,31,239.0129032258064,14.4,135.1,149.5,224.6129032258064,1559.811827956989,-20.917096774193652,247.62290322580648,62.54892433935273,,,,1,,,,,,0.0,0.0,0
01-06-2005,30-06-2005,30,242.8233333333333,15.1,137.2,152.29999999999998,227.7233333333333,1508.101545253863,3.110430107526895,232.62207885304656,62.72049638282977,,,,1,,,,,,0.0,0.0,0
01-07-2005,31-07-2005,31,246.86612903225807,15.8,142.0,157.8,231.06612903225806,1462.4438546345448,3.3427956989247605,227.8007885304659,63.92128422744467,,,,1,,,,,,0.0,0.0,0
01-08-2005,31-08-2005,31,267.33225806451617,16.3,144.7,161.0,251.03225806451616,1540.0752028497923,19.966129032258095,236.60724014336915,60.22468113860967,,,,1,,,,,,0.0,0.0,0
01-09-2005,30-09-2005,30,297.8116666666666,16.8,150.0,166.8,281.0116666666666,1672.6884920634916,29.979408602150443,254.37001792114697,56.00855126562091,,,,1,,,,,,0.0,0.0,0
01-10-2005,31-10-2005,31,317.6854838709677,16.9,154.6,171.5,300.7854838709677,1779.7957625501049,19.77381720430111,277.6098028673835,53.98421039270937,,,,1,,,,,,0.0,0.0,0
01-11-2005,30-11-2005,30,274.835,16.5,159.8,176.3,258.335,1565.6666666666665,-42.45048387096773,280.0440501792114,64.14757945676499,,,,1,,,,,,0.0,0.0,0
01-12-2005,31-12-2005,31,366.5193548387097,17.9,161.3,179.20000000000002,348.61935483870974,1947.5941611101102,90.28435483870976,302.5799462365592,48.89237024845759,,,,1,,,,,,0.0,0.0,0
01-01-2006,31-01-2006,31,399.04193548387104,19.2,171.6,190.79999999999998,379.84193548387105,1978.3434139784952,31.222580645161315,328.93209677419355,47.81452349579233,,,,1,,,,,,0.0,0.0,0
01-02-2006,28-02-2006,28,326.26785714285717,19.2,168.3,187.5,307.0678571428572,1599.3117559523812,-72.77407834101388,345.1763824884793,57.46811887690876,,,,1,,,,,,0.0,0.0,0
01-03-2006,31-03-2006,31,325.8451612903226,19.5,172.1,191.6,306.3451612903226,1571.0008271298595,-0.7226958525345708,331.0849846390169,58.800934542430596,,,,1,,,,,,0.0,0.0,0
01-04-2006,30-04-2006,30,323.41666666666663,20.2,176.1,196.29999999999998,303.21666666666664,1501.072607260726,-3.1284946236559676,305.5432283666155,60.69569698531306,,,,1,,,,,,0.0,0.0,0
01-05-2006,31-05-2006,31,353.9483870967741,20.7,183.1,203.79999999999998,333.24838709677414,1609.8955898394888,30.031720430107498,314.2700716845878,57.579016441252605,,,,1,,,,,,0.0,0.0,0
01-06-2006,30-06-2006,30,365.7316666666666,21.6,190.2,211.79999999999998,344.1316666666666,1593.2021604938268,10.883279569892466,326.8655734767024,57.91131020465824,,,,1,,,,,,0.0,0.0,0
01-07-2006,31-07-2006,31,388.3499999999999,22.5,193.9,216.4,365.8499999999999,1625.9999999999995,21.718333333333305,347.74335125448016,55.72293034633709,,,,1,,,,,,0.0,0.0,0
01-08-2006,31-08-2006,31,357.31935483870967,23.7,204.2,227.89999999999998,333.6193548387097,1407.6766026949776,-32.23064516129023,347.8670071684587,63.78048009822243,,,,1,,,,,,0.0,0.0,0
01-09-2006,30-09-2006,30,356.32666666666665,23.9,205.8,229.70000000000002,332.4266666666667,1390.9065550906555,-1.192688172043006,343.96534050179207,64.46332017437184,,,,1,,,,,,0.0,0.0,0
01-10-2006,31-10-2006,31,359.7225806451612,38.0,207.2,245.2,321.7225806451612,846.6383701188454,-10.704086021505475,329.25620071684585,68.16363864626864,,,,1,,,,,,0.0,0.0,0
01-11-2006,30-11-2006,30,337.58166666666676,40.3,212.7,253.0,297.28166666666675,737.6716294458233,-24.44091397849445,317.14363799283154,74.9448281650366,,,,1,,,,,,0.0,0.0,0
01-12-2006,31-12-2006,31,492.6870967741936,43.2,221.1,264.3,449.4870967741936,1040.4793906810037,152.20543010752687,356.1637813620072,53.64459547052699,,,,1,,,,,,0.0,0.0,0
01-01-2007,31-01-2007,31,506.716129032258,46.5,229.4,275.9,460.216129032258,989.7121054457161,10.729032258064365,402.3282974910394,54.44863192472722,,,,1,,,,,,0.0,0.0,0
01-02-2007,28-02-2007,28,405.04642857142863,71.2,210.5,281.7,333.84642857142865,468.8854333868379,-126.36970046082934,414.51655145929345,69.54758272861135,,,,1,,,,,,0.0,0.0,0
01-03-2007,31-03-2007,31,595.0354838709678,73.4,209.6,283.0,521.6354838709678,710.6750461457327,187.7890552995392,438.5660138248848,47.560188874613054,,,,1,,,,,,0.0,0.0,0
01-04-2007,30-04-2007,30,426.55,76.8,219.1,295.9,349.75,455.40364583333337,-171.88548387096785,401.7439708141322,69.37053100457156,,,,1,,,,,,0.0,0.0,0
01-05-2007,31-05-2007,31,430.23225806451615,81.7,229.9,311.6,348.53225806451616,426.60007107039917,-1.2177419354838435,406.639247311828,72.42599646102632,,,,1,,,,,,0.0,0.0,0
01-06-2007,30-06-2007,30,470.68,90.0,244.8,334.8,380.68,422.97777777777776,32.14774193548385,359.6540860215054,71.1311294297612,,,,1,,,,,,0.0,0.0,0
01-07-2007,31-07-2007,31,480.4548387096775,112.9,317.7,430.6,367.5548387096775,325.5578730820881,-13.125161290322524,365.5890322580646,89.62340792662864,,,,1,,,,,,0.0,0.0,0
01-08-2007,31-08-2007,31,445.38548387096773,118.9,311.0,429.9,326.48548387096776,274.5882959385767,-41.06935483870973,358.24010752688173,96.52312784503457,,,,1,0.05614093345154378,-3.2185304228793887,-1.5664945693516712,5,,-1.3588517287672999,-1.3588517287672999,1
01-09-2007,30-09-2007,30,466.82166666666666,118.6,318.8,437.4,348.2216666666667,293.6101742551996,21.736182795698937,347.42066308243733,93.69745048965879,,,,1,0.5473544560759193,-3.0417832173706967,0.6911984516807774,5,,-0.6190595900608323,-0.6190595900608323,1
01-10-2007,31-10-2007,31,491.0822580645161,96.8,260.5,357.3,394.2822580645161,407.3163822980538,46.06059139784941,356.3298028673835,72.75766821799121,,,,1,1.814407981114072,-2.5445929173891497,1.599539037741287,2.242926952319954,,0.3198868932379423,0.3678699272236336,1
01-11-2007,30-11-2007,30,510.56666666666655,122.5,222.8,345.3,388.06666666666655,316.78911564625844,-6.2155913978495505,376.8568637992831,67.63073708950841,,,,1,1.6364631897641493,-2.6188482413292724,-0.31037146971541946,1.0464059194246902,,-0.16992244868587386,-0.16992244868587386,1
01-12-2007,31-12-2007,31,704.7806451612904,124.1,220.7,344.79999999999995,580.6806451612904,467.91349328065303,192.61397849462384,454.3431899641577,48.92302340696257,,,,1,5,-2.2353174498247617,5,-1.6836312076001583,,2.5906392892083545,2.9792351825896075,1
01-01-2008,31-01-2008,31,673.1822580645161,130.8,234.0,364.8,542.382258064516,414.66533491170946,-38.29838709677438,503.70985663082433,54.190376473801614,,,,1,5,-2.158277645959239,-1.462013988089833,-0.9434267767861468,,1.3238907462776066,1.5224743582192475,1
01-02-2008,29-02-2008,29,521.343103448276,178.5,316.5,495.0,342.843103448276,192.06896551724145,-199.53915461624,488.63533555802746,94.94706973698568,,,,1,0.25927993509759095,-2.294349047783446,-5,4.563281149949916,,-1.6429345032213125,-1.6429345032213125,1
01-03-2008,31-03-2008,31,556.333870967742,225.9,339.3,565.2,330.433870967742,146.27440060546348,-12.409232480534001,405.219744160178,101.59367054478194,,,,1,-0.09881840989167533,-2.1757392704859844,-0.46062882843075076,5,,-0.8627951401773953,-0.8627951401773953,1
01-04-2008,30-04-2008,30,550.2016666666669,227.9,345.7,573.6,322.30166666666696,141.42240748866476,-8.132204301075035,331.85954702756163,104.25268310710311,,,,1,-0.35138123568712804,-1.5033235620363379,-0.3107389935694618,5,,-0.7268495819378816,-0.7268495819378816,1
01-05-2008,31-05-2008,31,580.0983870967742,239.2,350.4,589.5999999999999,340.89838709677423,142.51604811738054,18.59672043010727,331.21130824372773,101.63793127417205,,,,1,0.11498046434743438,-1.2992578300088327,0.7537439344751918,4.5245643945703256,,-0.22820819364765108,-0.22820819364765108,1
01-06-2008,30-06-2008,30,607.4316666666667,243.2,360.3,603.5,364.23166666666674,149.7663103070176,23.33327956989251,342.47724014336933,99.35273926559638,,,,1,0.7393631097111157,-1.0569013715095505,0.9219718015497932,4.127223849603169,,0.17772877583236935,0.20438809220722473,1
01-07-2008,31-07-2008,31,606.109677419355,312.6,388.0,700.6,293.50967741935494,93.89305099787425,-70.7219892473118,332.8799103942653,115.58964096777969,,,,1,-1.5990570731239235,-1.0939460631420772,-2.5264071136378345,5,,-1.616325114902751,-1.616325114902751,1
01-08-2008,31-08-2008,31,618.6161290322582,319.6,397.7,717.3,299.01612903225816,93.55948968468653,5.50645161290322,318.91915770609324,115.95235984585779,,,,1,-1.4169864367566514,-1.1141388527194271,0.2340890553694741,4.552887910821445,,-0.9859230928470306,-0.9859230928470306,1
01-09-2008,30-09-2008,30,731.9016666666668,150.4,151.8,302.20000000000005,581.5016666666668,386.63674645390074,282.4855376344086,391.34249103942665,41.28969966366156,,,,1,5,-0.25047531748066093,5,-2.111044757178138,,3.25159171927894,3.7393304771707805,1
01-10-2008,31-10-2008,31,581.0548387096775,42.1,34.1,76.2,538.9548387096775,1280.1777641560034,-42.54682795698932,473.1575448028675,13.114080620895258,,,,1,5,2.4868355086728946,-1.32798079579995,-4.513565357711892,,2.897520065228084,3.332148075012296,1
01-11-2008,30-11-2008,30,590.0933333333335,37.6,30.0,67.6,552.4933333333335,1469.3971631205675,13.538494623655993,557.6499462365592,11.455814899337954,,,,1,5,3.066498108422345,0.5244604172612041,-4.50068195181327,,3.4610359535568818,3.9801913465904137,1
01-12-2008,31-12-2008,31,644.1112903225807,37.5,29.8,67.3,606.6112903225807,1617.6301075268818,54.117956989247205,566.0198207885305,10.448504941792768,,,,1,5,3.520601093598677,1.9925928509125201,-4.583727948335929,,3.905878734350863,4.491760544503492,1
01-01-2009,31-01-2009,31,681.2741935483872,37.0,29.4,66.4,644.2741935483872,1741.2816041848303,37.66290322580653,601.1262724014338,9.746442860863183,,,,1,5,3.899400246369899,1.3972621905421154,-4.641608290622681,,3.9129527201495993,4.499895628172039,1
01-02-2009,28-02-2009,28,413.47499999999997,39.1,31.1,70.2,374.37499999999994,957.480818414322,-269.89919354838725,541.7534946236559,16.97805187738074,,,,1,0.8560032390790482,1.4982722243403994,-5,-3.323731505468417,,-0.10132183664473149,-0.10132183664473149,1
01-03-2009,31-03-2009,31,397.4209677419355,41.8,33.3,75.1,355.6209677419355,850.767865411329,-18.754032258064456,458.09005376344084,18.896838892699297,,,,1,0.10056758058530019,1.1713633127639487,-0.6316622624914238,-2.648080367802012,,0.3106965907854453,0.3573010794032621,1
01-04-2009,30-04-2009,30,388.27666666666676,40.9,32.5,73.4,347.3766666666668,849.3317033414836,-8.244301075268709,359.12421146953403,18.904046083977917,,,,1,-0.195917136400338,1.1669637139721565,-0.25336892797117033,-2.2415299451839363,,0.2464318284595362,0.2833966027284666,1
01-05-2009,31-05-2009,31,400.1758064516129,39.8,31.5,71.3,360.3758064516129,905.4668503809371,12.999139784946124,354.4578136200717,17.817169066821435,,,,1,0.08250230883326977,1.338930464993816,0.5946455097906782,-1.995702845836558,,0.6033215250262134,0.6938197537801454,1
01-06-2009,30-06-2009,30,419.2733333333334,78.8,61.8,140.6,340.4733333333334,432.0727580372251,-19.902473118279488,349.4086021505377,33.534209982350404,,,,1,-0.6081625418621781,-0.09325316639251356,-0.6165693173532946,-1.2407637472379947,,-0.43837907492900313,-0.43837907492900313,1
01-07-2009,31-07-2009,31,406.241935483871,121.7,93.2,214.9,284.541935483871,233.8060275134519,-55.93139784946243,328.46369175627245,52.899511652836786,,,,1,-2.3345492923892,-0.7099070175215411,-1.641189835689106,-0.5017394096058562,,-1.6548715235182507,-1.6548715235182507,1
01-08-2009,31-08-2009,31,465.2096774193549,163.2,125.3,288.5,302.0096774193549,185.05494939911452,17.4677419354839,309.00831541218645,62.01504697846965,,,,1,-1.6521113466643453,-0.8656314165653038,0.806982116671719,-0.15386966965467946,,-0.8983948372741518,-0.8983948372741518,1
01-09-2009,30-09-2009,30,501.8866666666668,199.9,153.9,353.8,301.9866666666668,151.068867767217,-0.02301075268809427,296.17942652329754,70.49400263007583,,,,1,-1.5283598055105319,-0.9889853377414014,0.1407032088409053,0.09910040867081533,,-1.014935504873124,-1.014935504873124,1
01-10-2009,31-10-2009,31,535.8499999999999,199.7,154.0,353.7,336.1499999999999,168.32749123685525,34.16333333333313,313.38211469534053,66.00727815620043,,,,1,-0.5028657757460024,-0.9332725876618253,1.2264676192507216,-0.030977458633898725,,-0.3003245651146266,-0.3003245651146266,1
01-11-2009,30-11-2009,30,561.63,195.4,151.4,346.8,366.23,187.4257932446264,30.080000000000098,334.78888888888895,61.748838203087445,,,,1,0.2673418251979652,-0.8896600814572783,0.9635603594316725,-0.08182221950540029,,0.02130389712851058,0.024499481697787165,1
10-12-2009,09-01-2010,31,713.198387096774,195.0,151.4,346.4,518.198387096774,265.7427626137303,151.968387096774,406.8594623655913,48.569935976733625,,,,0,5,-0.5957445890167724,5,-0.558467853458763,,3.1366170518574146,3.1366170518574146,1
10-01-2010,09-02-2010,31,528.7338709677418,200.3,156.5,356.8,328.4338709677418,163.97097901534787,-189.7645161290322,404.2874193548386,67.48196391257265,,,,0,-0.8949840181425374,-1.070901948432366,-5,0.028138695767891953,,-1.7745678853005429,-1.7745678853005429,1
10-02-2010,09-03-2010,28,476.2196428571429,203.5,159.1,362.6,272.7196428571429,134.01456651456652,-55.714228110598924,373.1173003072195,76.14133634314898,,,,0,-2.7395725930450876,-1.2072879997587063,-1.6311579844024915,0.3586002131616429,,-2.0076389017522036,-2.0076389017522036,1
10-03-2010,09-04-2010,31,510.71935483870965,197.1,167.7,364.79999999999995,313.6193548387097,159.116872064287,40.89971198156678,304.92428955453147,71.42866166002412,,3.07,,0,-1.2169506104507453,-0.9860904084791351,1.2292809708151526,0.1477762772854089,,-0.6508278469410195,-0.6508278469410195,1
10-04-2010,09-05-2010,30,500.5516666666666,185.6,183.1,368.7,314.9516666666666,169.6937859195402,1.3323118279569144,300.4302214541731,73.6587298680456,,3.1721052631578956,2.95,0,-1.0170741901947353,-0.8407289175180299,0.022248149517729177,0.23288079609697512,,-0.7504867464508996,-0.7504867464508996,1
10-05-2010,09-06-2010,31,504.333870967742,205.3,170.4,375.70000000000005,299.03387096774196,145.65702433889038,-15.917795698924635,309.2016308243728,74.49430260931858,,2.5390909090909095,2.35,0,-1.4543640485902678,-0.9875436179113772,-0.5440863555450004,0.2647681687891263,,-1.116857306565144,-1.116857306565144,1
10-06-2010,09-07-2010,30,572.0433333333334,206.8,175.5,382.3,365.2433333333334,176.61669890393296,66.20946236559143,326.40962365591395,66.83060141131499,2.41,2.448095238095238,2.41,0,0.5205092130635224,-0.6922053012120969,2.0832865613678138,-0.012428743668475703,,0.42923074947059947,0.42923074947059947,1
10-07-2010,09-08-2010,31,494.29999999999995,207.8,180.8,388.6,286.49999999999994,137.8729547641963,-78.74333333333345,316.92573476702506,78.61622496459641,,2.6209523809523807,2.33,0,-1.5745332804739884,-0.9749434924430377,-2.251884127583178,0.43733768849197807,,-1.5103400504815199,-1.5103400504815199,1
10-08-2010,09-09-2010,31,491.04516129032237,217.3,179.3,396.6,273.74516129032236,125.97568398082022,-12.754838709677585,308.4961648745519,80.766501997057,2.59,2.4969565217391305,2.59,0,-1.6585456774942517,-0.9125424388042949,-0.42614429001865506,0.6123429628606605,,-1.1636463215153767,-1.1636463215153767,1
10-09-2010,09-10-2010,30,502.83,219.8,182.2,402.0,283.03,128.76706096451318,9.284838709677615,281.09172043010744,79.94749716604022,2.57,2.562380952380953,2.57,0,-1.4226321917758198,-0.9762916217511765,0.27426140872889415,0.6948045302208845,,-0.9346220618566708,-0.9346220618566708,1
10-10-2010,09-11-2010,31,511.6387096774194,225.7,186.2,411.9,285.9387096774194,126.68972515614507,2.908709677419438,280.9046236559139,80.50602743871681,,2.7605,2.43,0,-1.3626968174652674,-1.0109777466881567,0.08652157493184928,0.7251432727692892,,-0.9557306884170662,-0.9557306884170662,1
10-11-2010,09-12-2010,30,523.14,227.5,185.7,413.2,295.64,129.95164835164834,9.701290322580576,288.20290322580644,78.98459303436938,2.7,2.9795652173913045,2.7,0,-1.1288383259423214,-0.9510585628749898,0.3033375140102844,0.642500649878713,,-0.7832024968503788,-0.7832024968503788,1
10-12-2010,09-01-2011,31,755.3887096774195,233.1,188.4,421.5,522.2887096774194,224.06208051369347,226.64870967741945,367.95580645161294,55.79908656299576,2.7,2.7212500000000004,2.7,0,4.866937559912742,1.1206332560763346,5,-0.6916028012111145,,3.64603071475267,3.64603071475267,1
10-01-2011,09-02-2011,31,561.3758064516129,246.0,192.0,438.0,315.3758064516129,128.201547338054,-206.91290322580653,377.7681720430108,78.02260000632087,,2.6154545454545466,0.42,0,-0.533248843059315,-1.0069771129619312,-5,0.4949590924573243,,-1.584350588325023,-1.584350588325023,1
10-02-2011,09-03-2011,28,525.2107142857143,250.6,195.2,445.79999999999995,274.61071428571427,109.58129061680538,-40.765092165898636,370.75841013824885,84.88021814373822,2.72,2.886111111111111,2.72,0,-1.5529042816514342,-1.4615680750036444,-1.7160256483148166,0.9938639020958057,,-1.5551135981703967,-1.5551135981703967,1
10-03-2011,09-04-2011,31,552.2822580645161,304.0,244.1,548.1,248.2822580645161,81.67179541595925,-26.328456221198167,279.42292626728107,99.24273177284874,3.1,3.0009090909090914,3.1,0,-1.9833747057875546,-2.1216675216815823,-1.0086773820693655,1.8920625477821782,,-1.8344867487366279,-1.8344867487366279,1
10-04-2011,09-05-2011,30,604.558333333333,362.5,280.8,643.3,242.05833333333305,66.77471264367809,-6.223924731183047,254.98376856118782,106.40825947316917,,3.372105263157895,2.52,0,-2.105826970386605,-2.0544342799339668,-0.29585760869432864,2.340178207913641,,-1.7267193321274212,-1.7267193321274212,1
10-05-2011,09-06-2011,31,640.7225806451613,418.1,335.4,753.5,222.6225806451613,53.24625224710865,-19.43575268817176,237.6543906810035,117.60159900112774,3.36,3.6395652173913042,3.36,0,-2.284677604767368,-1.972435427475364,-0.7123188462036374,3.0401839774011346,,-1.8662292080163847,-1.8662292080163847,1
10-06-2011,09-07-2011,30,655.4883333333333,430.4,331.3,761.7,225.08833333333337,52.297475216852554,2.465752688172074,229.9230824372759,116.20344120032648,3.62,3.6545,3.62,0,-2.223948517102425,-1.813364471327135,0.06421385273993913,2.952746396796151,,-1.6295915558907808,-1.6295915558907808,1
10-07-2011,09-08-2011,31,663.7258064516128,437.4,341.6,779.0,226.32580645161283,51.74343997522013,1.2374731182794676,224.67890681003584,117.36774318971595,,3.8799999999999994,3.5,0,-2.148612834807499,-1.8221888217266387,-0.001943387736544052,3.0255591715683856,,-1.6105797490373817,-1.6105797490373817,1
10-08-2011,09-09-2011,31,670.7870967741934,446.7,342.6,789.3,224.0870967741934,50.16500935173347,-2.238709677419422,225.16707885304655,117.66773746777982,3.67,3.8139130434782613,3.67,0,-2.1760427617735387,-1.847329144681391,-0.11996700872051397,3.044320125342137,,-1.6553659766712485,-1.6553659766712485,1
10-09-2011,09-10-2011,30,704.5666666666665,455.0,347.0,802.0,249.5666666666665,54.84981684981681,25.47956989247308,233.3265232974909,113.82883095992811,,4.5745000000000005,3.61,0,-1.3333817419215144,-1.5832305280669132,1.0961312915676484,2.5805088828714897,,-0.9306787810100997,-0.9306787810100997,1
10-10-2011,09-11-2011,31,699.9,469.2,356.6,825.8,230.7,49.168797953964194,-18.866666666666504,234.78458781361996,117.98828404057721,4.46,4.979545454545455,4.46,0,-1.457891259441993,-1.487799141480521,-0.960424510791749,2.497724389297616,,-1.368357234430774,-1.368357234430774,1
10-11-2011,09-12-2011,30,719.6633333333335,486.2,369.6,855.8,233.46333333333354,48.01796242972718,2.7633333333335486,237.91,118.91671568650153,5.09,5.047727272727273,5.09,0,-1.3709627948854037,-1.4094358130465356,0.10633584345337174,2.2730119078928968,,-1.0883145822653058,-1.0883145822653058,1
10-12-2011,09-01-2012,31,953.2241935483873,501.7,378.4,880.0999999999999,451.52419354838736,89.99884264468554,218.06086021505382,305.2291756272403,92.32875182529916,,5.477142857142857,4.6,0,3.0879035830933956,-0.9255578733870172,5,0.9313489311723712,,2.133840201466739,2.133840201466739,1
10-01-2012,09-02-2012,31,773.6048387096772,518.1,390.1,908.2,255.5048387096772,49.31573802541539,-196.01935483871017,313.4974551971327,117.39843839586356,4.52,4.627391304347826,4.52,0,-0.9203306711834929,-1.638293102721521,-5,2.20212243101982,,-1.9753460266489578,-1.9753460266489578,1
10-02-2012,09-03-2012,29,724.7196428571432,526.7,393.9,920.6,198.01964285714314,37.59628685345417,-57.48519585253405,301.6828917050692,127.02843217697479,4.23,4.444999999999999,4.23,0,-2.117964001195758,-1.7396162986243262,-3.0160027474503437,2.598237475704567,,-2.1715819654903883,-2.1715819654903883,1
10-03-2012,09-04-2012,31,710.1661290322579,512.9,385.2,898.0999999999999,197.26612903225794,38.460933716564234,-0.7535138248852036,216.9302035330261,126.46336727208309,,5.08318181818182,4.49,0,-2.0596856064260525,-1.5980449414045406,-0.018943745968605055,2.5424384471523767,,-1.4978108928823994,-1.4978108928823994,1
10-04-2012,09-05-2012,30,692.8683333333336,508.1,382.7,890.8,184.76833333333354,36.364560781998335,-12.497795698924392,193.3513684075782,128.56699565333477,4.63,5.437368421052632,4.63,0,-2.3263991634429457,-1.5949795040095565,-0.6280601230875779,2.6191438593472576,,-1.7431686087805538,-1.7431686087805538,1
10-05-2012,09-06-2012,31,688.5338709677418,517.3,387.7,905.0,171.23387096774184,33.101463554560574,-13.534462365591708,184.42277777777778,131.43870449365298,5.96,5.62875,5.96,0,-2.6061104765698637,-1.6046364112800038,-0.6442751585518139,2.7317484163648835,,-1.8802525492247304,-1.8802525492247304,1
10-06-2012,09-07-2012,30,707.6216666666666,526.4,392.8,919.2,181.22166666666658,34.426608409321155,9.987795698924742,179.074623655914,129.89992298144256,,5.667894736842105,5.15,0,-2.377004928964918,-1.5540397733425622,0.5530078922460614,2.6267895970682758,,-1.516954967900478,-1.516954967900478,1
10-07-2012,09-08-2012,31,720.2790322580646,543.1,403.2,946.3,177.17903225806458,32.623647994488046,-4.042634408601998,176.54485663082434,131.37964005884814,5.29,5.4973913043478255,5.29,0,-2.291065408048584,-1.3986535233197461,-0.20115214533031206,2.3186720782252315,,-1.5759095978902267,-1.5759095978902267,1
10-08-2012,09-09-2012,31,712.5387096774191,540.6,407.1,947.7,171.93870967741907,31.80516272242306,-5.240322580645511,176.7798028673834,133.00330033003306,5.52,5.148571428571429,5.52,0,-2.2650900615137575,-1.3449627033432086,-0.2355424445314539,1.8568537716765017,,-1.552778127846504,-1.552778127846504,1
10-09-2012,09-10-2012,30,729.2166666666668,549.2,411.5,960.7,180.01666666666677,32.77798009225542,8.077956989247696,176.3781362007168,131.74410897538453,5.6,5.707727272727274,5.6,0,-1.848319896216839,-1.110524788737833,0.6022896834394438,1.6341366978030993,,-1.1125122094950735,-1.1125122094950735,1
10-10-2012,09-11-2012,31,738.0693548387098,554.3,413.9,968.1999999999999,183.7693548387099,33.15341057887604,3.752688172043122,178.57491039426523,131.18008404665176,6.17,6.05,6.17,0,-1.3615190480725299,-0.9948238742169725,0.39673416985564985,1.1713817673817155,,-0.8877589115929935,-0.8877589115929935,1
10-11-2012,09-12-2012,30,744.7016666666666,563.3,419.5,982.8,181.40166666666664,32.203384815669565,-2.3676881720432448,181.7292293906811,131.9723110596861,,6.172499999999999,5.59,0,-1.3368967315177631,-1.007399325733695,-0.005308743604730028,1.0177388712188438,,-0.9608564978090619,-0.9608564978090619,1
10-12-2012,09-01-2013,31,1054.9790322580645,569.5,425.6,995.1,485.47903225806454,85.24653770993231,304.0773655913979,283.550017921147,94.32414953974013,6.29,6.161249999999999,6.29,0,4.683589120405365,0.8691928858815785,5,-0.7418473693855421,,3.476677350227871,3.476677350227871,1
10-01-2013,09-02-2013,31,841.8306451612904,593.1,441.0,1034.1,248.73064516129034,41.93738748293548,-236.7483870967742,305.2037813620072,122.83943402914154,4.98,5.297727272727273,4.98,0,0.004593172058549985,-0.5597835359800155,-5,0.47198613598152855,,-1.1842629061300023,-1.1842629061300023,1
10-02-2013,09-03-2013,28,789.8696428571432,601.0,446.7,1047.7,188.86964285714316,31.42589731400053,-59.86100230414718,307.6931067588327,132.64214031700524,,5.906315789473683,4.81,0,-1.1446261550537755,-1.0485117517261935,-4.7381483476601876,1.0520102286610735,1.3670246295256314,-1.0317131869679899,-1.0317131869679899,1
10-03-2013,09-04-2013,31,798.2435483870968,605.5,449.5,1055.0,192.74354838709678,31.832130204309955,3.8739055299536176,210.11461213517677,132.16517717326954,,5.885454545454547,6.45,0,-0.9289859357603787,-1.0296520602120731,0.5236492458525823,1.021206537298115,1.1677702087303874,-0.21206815350866662,-0.21206815350866662,1
10-04-2013,09-05-2013,30,841.4666666666669,640.1,473.6,1113.7,201.3666666666669,31.458626256314155,8.623118279570122,194.32661930363562,132.35224211693864,5.94,6.225,5.94,0,-0.6785943954140704,-1.0515023555441652,0.9262523899266597,1.034407683281683,1.3906825172670083,-0.013775139475214832,-0.013775139475214832,1
10-05-2013,09-06-2013,31,858.698387096774,666.0,487.0,1153.0,192.698387096774,28.933691756272374,-8.668279569892889,195.60286738351257,134.27299006560946,,6.266000000000001,6.1,0,-0.8094762737722595,-1.200834149659735,-0.5578681506647707,1.169773470272113,1.2989798076646382,-0.3424605039187806,-0.3424605039187806,1
10-06-2013,09-07-2013,30,890.6966666666668,676.5,497.7,1174.2,214.19666666666683,31.662478442966275,21.498279569892816,202.75390681003591,131.8293919740727,6.03,6.11142857142857,6.03,0,-0.295987940105206,-1.0206263665630555,2.0860830413793234,1.003054824446745,0.9839366779187514,0.20014425500900038,0.20014425500900038,1
10-07-2013,09-08-2013,31,871.4274193548389,686.1,507.5,1193.6,185.32741935483887,27.011721229389135,-28.869247311827962,197.40749103942656,136.97067288560663,5.89,6.038260869565218,5.89,0,-1.0472432729829368,-1.3020119591694346,-2.3283840551880783,1.3887674352338928,0.9581846748515747,-0.8017495749017045,-0.8017495749017045,1
10-08-2013,09-09-2013,31,840.5499999999998,674.9,501.6,1176.5,165.64999999999986,24.544376944732534,-19.677419354839003,188.3913620071685,139.9678781750045,,6.0285714285714285,5.7,0,-1.591580679986574,-1.5766534081871697,-1.4728579534707629,1.7318506858701608,0.9832384138691399,-0.9263356795954227,-0.9263356795954227,1
10-09-2013,09-10-2013,30,865.705,679.6,506.1,1185.7,186.10500000000002,27.38449087698647,20.455000000000155,179.02747311827957,136.96351528522996,6.14,6.03090909090909,6.14,0,-0.9881079925505388,-1.3430860000153393,1.873450971019887,1.6184585960071398,0.9954698941061644,-0.15172417821699918,-0.15172417821699918,1
10-10-2013,09-11-2013,31,862.2161290322582,675.3,507.7,1183.0,186.91612903225825,27.678976607768142,0.8111290322582363,179.55704301075272,137.20457785077463,6.04,6.153333333333334,6.04,0,-0.8015700983221892,-0.9859726972311406,0.2563709349054004,1.1727750996920874,1.0589834957300017,-0.22384119455224089,-0.22384119455224089,1
10-11-2013,09-12-2013,30,888.1166666666667,683.6,506.4,1190.0,204.51666666666665,29.91759313438658,17.600537634408397,192.5125985663083,133.99140503312253,,6.186190476190476,5.36,0,0.0698886957807881,-0.7474931050777255,1.3795950385043254,0.6864032687994331,1.0797030162412995,0.3144527770898181,0.3144527770898181,1
10-12-2013,09-01-2014,31,1242.059677419355,794.1,402.3,1196.4,447.959677419355,56.410990734083235,243.44301075268834,279.79749103942663,96.32387410609587,6.49,6.4075,6.49,0,5,2.0564297020441122,5,-3.4880245261078375,1.42646586860939,3.370723892663376,3.370723892663376,1
10-01-2014,09-02-2014,31,1067.0774193548389,825.8,404.8,1230.6,241.2774193548389,29.21741576106066,-206.68225806451608,297.9179211469535,115.32434082843098,5.84,6.001904761904762,5.84,0,1.701102068032638,-0.8665999161742594,-5,-1.3823362994070907,0.7754053456319304,-0.177412918824159,-0.177412918824159,1
10-02-2014,09-03-2014,28,1027.355357142857,846.1,412.3,1258.4,181.25535714285695,21.42245090921368,-60.02206221198196,290.1641513056836,122.48926247872922,5.5,6.434,5.5,0,-0.8114594160645834,-1.976192656816586,-4.000688874805028,-0.6913723088521615,1.515135752347122,-0.9993783529607243,-0.9993783529607243,1
10-03-2014,09-04-2014,31,1050.0274193548385,866.0,439.9,1305.9,184.02741935483846,21.25027937122846,2.772062211981506,202.18673195084477,124.36818086163652,,7.79,7.64,0,-0.7149089266639653,-2.1225495718875704,0.3629051217299924,-0.541406885163628,4.276790613456951,0.34277790431945626,0.34277790431945626,1
10-04-2014,09-05-2014,30,1060.5583333333334,883.4,430.1,1313.5,177.15833333333342,20.054146856841005,-6.869086021505041,180.8137032770096,123.8498589579388,7.34,7.951578947368421,7.34,0,-1.0005802518443714,-2.326663018658829,-0.4568417075959141,-0.6864555779145812,5,0.24960490105037558,0.24960490105037558,1
10-05-2014,09-06-2014,31,1060.4935483870966,894.6,430.3,1324.9,165.89354838709653,18.54387976605148,-11.264784946236887,175.6931003584228,124.93239605418054,,8.082857142857142,7.03,0,-1.7249824992006086,-2.572721340578904,-0.8688829234901955,-0.5450461376489942,5,-0.12725664838846823,-0.12725664838846823,1
10-06-2014,09-07-2014,30,1078.405,880.7,427.8,1308.5,197.70499999999993,22.448620415578507,31.811451612903397,180.25229390680997,121.33660359512429,8.35,8.074000000000002,8.35,0,0.35289885416270655,-1.882910710448835,2.8320039064872335,-1.2290445234091032,4.658541852062381,1.2422229703334189,1.2422229703334189,1
10-07-2014,09-08-2014,31,1043.0354838709677,877.4,428.6,1306.0,165.63548387096773,18.877989955660787,-32.069516129032195,176.4113440860214,125.21146405806873,7.94,8.098636363636363,7.94,0,-1.8470743696291,-2.4828165880429607,-2.0632037309970466,-0.5089106409947973,5,-0.3266607360304821,-0.3266607360304821,1
10-08-2014,09-09-2014,31,1003.5967741935484,833.6,446.6,1280.2,169.9967741935484,20.393087115348894,4.361290322580658,177.77908602150535,127.56119119939572,,7.916363636363636,7.46,0,-1.4785083718679963,-2.1589094449073087,0.4045017812987994,-0.10568221418458054,4.68580782768923,0.1749219327365013,0.1749219327365013,1
10-09-2014,09-10-2014,30,1019.7950000000001,861.1,427.1,1288.2,158.69500000000005,18.429334572059002,-11.30177419354834,164.77575268817205,126.31950539078932,7.73,7.893636363636364,7.73,0,-2.1330191158768477,-2.5139408612832694,-0.6471792778177523,-0.3935370068471179,4.6173272484301995,-0.31778698544282713,-0.31778698544282713,1
10-10-2014,09-11-2014,31,1052.0467741935486,871.7,432.7,1304.4,180.34677419354853,20.689087322880408,21.651774193548476,169.67951612903232,123.98688271250052,8.04,8.811578947368421,8.04,0,-0.44207031796505664,-2.005852923039693,1.9736519451785788,-0.959074799998627,5,0.8898599497290938,0.8898599497290938,1
10-11-2014,09-12-2014,30,1094.0883333333334,909.0,451.9,1360.9,185.08833333333337,20.361752841950864,4.74155913978484,174.710035842294,124.3866659151531,10.02,10.132727272727273,10.02,0,-0.0097366058721835,-2.0007556438479135,0.5358465263805546,-0.884494715892452,5,0.8267802559398406,0.8267802559398406,1
10-12-2014,09-01-2015,31,1518.6951612903222,966.9,470.8,1437.7,551.7951612903222,57.06848291346801,366.70682795698883,305.743422939068,94.66679269449266,10.64,18.039333333333335,10.64,0,5,4.627206820170228,5,-5,5,4.906801705042557,4.906801705042557,1
10-01-2015,09-02-2015,31,1224.9064516129033,1047.1,496.7,1543.8,177.8064516129034,16.980847255553762,-373.9887096774188,304.89664874551966,126.03411452092456,,16.33238095238095,17.39,0,-0.7067809180303453,-2.3165287709783566,-5,-0.49643086713945545,5,-0.32650551405521,-0.32650551405521,1
10-02-2015,09-03-2015,28,1214.5803571428569,1066.7,491.7,1558.4,147.88035714285684,13.86335025244744,-29.926094470046564,292.4939900153608,128.30769004579773,15.47,15.287222222222223,15.47,0,-3.510483278511786,-2.6571759646859783,-2.4118002101483578,-0.0319348216161688,5,-1.004733170172873,-1.004733170172873,1
10-03-2015,09-04-2015,31,1215.8774193548386,1102.8,504.2,1607.0,113.07741935483864,10.253665157312172,-34.8029377880182,146.25474270353297,132.16792864306143,15.5,14.444347826086958,15.5,0,-5,-3.1427462794564462,-2.1302914164235354,0.7051420623151935,5,-1.6052302823276419,-1.6052302823276419,1
10-04-2015,09-05-2015,30,1188.9566666666663,1063.3,483.5,1546.8,125.6566666666663,11.817611837361639,12.579247311827658,128.87148105478727,130.09725613773423,14.24,14.122105263157895,14.24,0,-5,-2.753170624861604,0.8417810725466494,0.023869360227152785,5,-1.0620254953334034,-1.0620254953334034,1
10-05-2015,09-06-2015,31,1138.9467741935484,1006.2,457.5,1463.7,132.7467741935484,13.192881553721763,7.090107526882093,123.82695340501778,128.51346815889607,,12.905714285714287,11.74,0,-4.289871604721092,-2.314446986038094,0.36664969475812365,-0.1676582163894237,5,-0.7750693539481872,-0.7750693539481872,1
10-06-2015,09-07-2015,30,1163.0483333333332,1020.6,463.8,1484.4,142.44833333333315,13.957312691880574,9.701559139784763,133.61725806451594,127.63012141943086,13.03,11.91095238095238,13.03,0,-2.897130815933342,-2.224758028845421,0.5473585341373082,-0.19351042664089604,5,-0.23808151266742866,-0.23808151266742866,1
10-07-2015,09-08-2015,31,1201.9177419354835,1048.4,475.4,1523.8000000000002,153.5177419354834,14.643050547070144,11.069408602150247,142.90428315412166,126.780722742821,11.54,11.302857142857144,11.54,0,-1.8275034519590652,-1.84336049008462,0.5367261589752945,-0.2857817245292387,4.076573560230007,-0.0008140168030317113,-0.0008140168030317113,1
10-08-2015,09-09-2015,31,1205.0016129032256,1068.6,486.5,1555.1,136.40161290322567,12.764515525287823,-17.11612903225773,144.12256272401407,129.05376916909498,10.45,10.851739130434783,10.45,0,-2.7467956148246357,-1.4859045986610686,-1.283411476245595,0.2671270751469992,3.4710293265244734,-0.6576090046596105,-0.6576090046596105,1
10-09-2015,09-10-2015,30,1398.0783333333334,1257.2,361.2,1618.4,140.87833333333333,11.20572170961926,4.476720430107662,143.5992293906808,115.75889286127267,10.5,11.146818181818182,10.5,0,-2.461650623303291,-1.4052804745478946,0.07647787087531367,-2.646217547852824,1.838472785638117,-0.7418079597522992,-0.7418079597522992,1
10-10-2015,09-11-2015,31,1465.532258064516,1320.6,365.3,1685.8999999999999,144.9322580645162,10.974728007308512,4.05392473118286,140.73740143369173,115.03670360872962,,11.336499999999997,10.46,0,-1.9989900207468863,-1.375103162762797,0.04603369698448728,-2.5591460929021914,1.834619570385554,-0.5778623508080479,-0.5778623508080479,1
10-11-2015,09-12-2015,30,1423.2816666666663,1290.0,356.9,1646.9,133.2816666666663,10.331912144702814,-11.650591397849894,139.69741935483862,115.71146025207008,11.43,11.436363636363636,11.43,0,-2.2272108269282302,-1.4295067917407354,-0.9327705621906196,-2.0659244088979354,1.839268599980617,-0.8169989216935031,-0.8169989216935031,1
10-12-2015,09-01-2016,31,1665.2806451612905,1318.7,363.4,1682.1,346.5806451612905,26.281993263159965,213.29897849462418,208.2648566308243,101.01000122036969,11.64,11.174666666666665,11.64,0,5,0.7525209127201901,5,-4.868126931383911,1.5828765292845983,3.083849360501197,3.083849360501197,1
10-01-2016,10-02-2016,32,1529.3824483437495,1367.1,382.3,1749.3999999999999,162.2824483437496,11.870561651945694,-184.29819681754088,214.0482533905688,114.38603875011898,,10.973043478260868,10.52,0,-0.8610184342207856,-1.2403038171528482,-5,-2.233099790313845,1.410577481337174,-1.0087880359311936,-1.0087880359311936,1
11-02-2016,09-03-2016,28,1581.0142857142855,1416.2,386.3,1802.5,164.81428571428546,11.637783202533926,2.531837370535868,224.55912640644183,114.00909000551185,10.71,10.92235294117647,10.71,0,-0.6494799671280691,-1.2316625376360693,-0.05345885469441026,-2.0905030516075924,1.3738948406281668,-0.1997787409509613,-0.1997787409509613,1
10-03-2016,06-04-2016,28,1566.4357142857139,1439.1,391.1,1830.1999999999998,127.33571428571395,8.848288116580777,-37.47857142857151,151.47748278124968,116.83850050843363,10.86,10.879,10.86,0,-2.092994293070215,-1.6008983159074064,-2.4505962820087372,-1.3777394107862169,1.0014554716481492,-1.2499981559407,-1.2499981559407,1
07-04-2016,11-05-2016,35,1514.8114285714291,1380.1,375.3,1755.3999999999999,134.71142857142922,9.760990404422088,7.375714285715276,142.28714285714287,115.88241063479843,10.83,10.704545454545455,10.83,0,-1.5429666407694447,-1.3515336849533153,0.28845973975239536,-1.326674937007386,0.6437894018572347,-0.6737054340804666,-0.6737054340804666,1
12-05-2016,08-06-2016,28,1562.607142857142,1451.1,394.1,1845.1999999999998,111.50714285714207,7.684318300402597,-23.204285714287153,124.51809523809509,118.08470276323915,11.0,11.152000000000001,11.0,0,-2.5850227759179174,-1.6057755135774752,-1.4110053438531507,-0.9567081685987326,0.2960612039349334,-1.443837350559879,-1.443837350559879,1
09-06-2016,06-07-2016,28,1569.771428571429,1443.0,391.5,1834.5,126.77142857142894,8.785268785268812,15.26428571428687,124.33000000000008,116.86414764660913,10.76,10.311052631578947,10.76,0,-1.8517260304044516,-1.4604905614062036,0.7701804656637569,-1.0884076081283536,-0.08098658223624151,-0.9179463267026059,-0.9179463267026059,1
07-07-2016,03-08-2016,28,1576.6392857142862,1442.6,391.4,1834.0,134.03928571428628,9.291507397357984,7.267857142857338,124.10595238095243,116.32337317848314,10.27,10.301,10.27,0,-1.4026150200691936,-1.4075673060255385,0.2589037568012509,-1.1717191890558853,-0.08555836542451921,-0.8253611113665444,-0.8253611113665444,1
04-08-2016,07-09-2016,35,1628.0885714285716,1525.5,413.8,1939.3,102.58857142857164,6.724914547923411,-31.45071428571464,121.13309523809562,119.11514115588655,10.33,10.3036,10.33,0,-2.6482499726575495,-1.7618267184906267,-2.34154711660639,-0.7997017003114886,-0.08495765884066801,-1.7398156522539248,-1.7398156522539248,1
08-09-2016,05-10-2016,28,1884.5,1760.0,477.6,2237.6,124.5,7.073863636363637,21.91142857142836,120.37595238095264,118.73706553462455,10.25,10.2135,10.25,0,-1.4287786969829912,-1.381630170192978,1.2424082278141981,-0.7895349899505133,-0.14376615267491652,-0.6950603904888908,-0.6950603904888908,1
06-10-2016,09-11-2016,35,1867.9,1761.4,476.7,2238.1,106.5,6.046326785511525,-18.0,111.19619047619055,119.81904812891482,10.27,10.178749999999999,10.27,0,-2.084301301165613,-1.568143263443975,-1.2859743199211602,-0.3726497268625271,-0.21233262148840606,-1.3675205746292338,-1.3675205746292338,1
10-11-2016,07-12-2016,28,1852.2,1746.7,475.2,2221.9,105.5,6.03996106944524,-1.0,112.16666666666667,119.96004751106793,10.05,10.131499999999997,10.05,0,-1.8459892176697852,-1.5101679990906531,-0.2193207435211116,-0.1400889821434339,-0.32276549236802243,-1.1372277105772604,-1.1372277105772604,1
08-12-2016,11-01-2017,35,1978.8,1765.6,481.9,2247.5,213.20000000000005,12.075215224286366,107.70000000000005,141.73333333333335,113.5789367293309,10.19,10.168421052631578,10.19,0,2.5526218321210257,-0.1904513930723329,5,-1.4388712471186111,-0.38625692102644515,1.4992405627176644,1.4992405627176644,1
11-01-2017,07-02-2017,28,1858.2,1743.3,478.2,2221.5,114.90000000000009,6.590948201686462,-98.29999999999995,144.5333333333334,119.55117855989667,9.97,10.101500000000001,9.97,0,-1.4772292578897799,-1.2539986055485484,-5,-0.22726203913142598,-0.5004425273288242,-1.7056405234807661,-1.7056405234807661,1
08-02-2017,07-03-2017,28,1989.4,1874.4,514.6,2389.0,115.0,6.135296628254375,0.09999999999990905,147.70000000000005,120.08645822861163,10.24,10.093333333333335,10.24,0,-1.2997195434269297,-1.2707551537314634,-0.1806289525916947,0.013632779830381456,-0.5670133620265073,-0.9414383120276723,-0.9414383120276723,1
08-03-2017,11-04-2017,35,1971.0,1865.1,507.5,2372.6,105.90000000000009,5.6779797329901935,-9.099999999999909,111.9333333333334,120.37544393708777,,9.789166666666667,9.53,0,-1.4838829129878013,-1.3809883190558807,-0.7739896891872438,0.07596418043207159,-1.037361784764396,-1.240044998878886,-1.240044998878886,1
12-04-2017,09-05-2017,28,1981.0,1848.1,504.9,2353.0,132.9000000000001,7.19116930902008,27.0,117.9333333333334,118.7783947501262,9.57,9.547058823529412,9.57,0,-0.24228267296941408,-1.0574771925430129,1.4237498464832132,-0.23768075922655074,-1.386849829711715,-0.4823182141304949,-0.4823182141304949,1
10-05-2017,06-06-2017,28,1931.4,1841.6,501.0,2342.6,89.80000000000018,4.87619461337968,-43.09999999999991,109.53333333333346,121.29025577301438,9.27,9.118999999999996,9.27,0,-2.0060915151659007,-1.6429577381700358,-2.5092532213543177,0.32292213174464707,-2.0047622418797637,-1.9904500085236627,-1.9904500085236627,1
07-06-2017,11-07-2017,35,1945.9,1861.4,506.5,2367.9,84.5,4.53959385408832,-5.300000000000182,102.40000000000009,121.68662315638008,9.14,8.999166666666666,9.14,0,-2.2585330530760985,-1.7581147082504152,-0.4086370565079975,0.41430149466913074,-2.1777443181458493,-1.8357468836519002,-1.8357468836519002,1
12-07-2017,08-08-2017,28,1967.1,1871.4,504.3,2375.7000000000003,95.69999999999982,5.113818531580625,11.199999999999818,90.0,120.77169437242642,8.79,8.825,8.79,0,-1.7764942729316957,-1.5733628366010592,0.5353838964534633,0.21234177123834397,-2.429157766960958,-1.5420955619485783,-1.5420955619485783,1
09-08-2017,05-09-2017,28,1983.0,1901.7,508.9,2410.6,81.29999999999995,4.275122259031391,-14.399999999999864,87.16666666666659,121.5632879475542,8.63,8.533000000000001,8.63,0,-2.465607940355896,-1.6859902200036259,-1.0595851750240355,0.4068405911592256,-2.8506662476538462,-2.156064672292537,-2.156064672292537,1
06-09-2017,10-10-2017,35,1979.9,1895.1,505.9,2401.0,84.80000000000018,4.47469790512375,3.5000000000002274,87.26666666666665,121.26875094701752,8.49,8.2436,8.49,0,-2.286251000954311,-1.6518289282599317,0.03017734836891122,0.34035606855152484,-3.268421570641938,-2.0257238728041393,-2.0257238728041393,1
11-10-2017,07-11-2017,28,1974.1,1874.3,497.0,2371.3,99.79999999999995,5.32465453769407,14.999999999999773,88.63333333333337,120.12056126842614,7.92,7.972105263157893,7.92,0,-1.4396959292695335,-1.2675986201258684,0.8905172603836802,0.06100724589743757,-3.660330248869449,-1.602298203435614,-1.602298203435614,1
08-11-2017,05-12-2017,28,1967.7,1885.0,497.5,2382.5,82.70000000000005,4.387267904509287,-17.09999999999991,89.10000000000007,121.08044925547594,7.76,7.989500000000001,7.76,0,-2.143701721831456,-1.5533974131429353,-1.2416222566517712,0.35994000017870814,-3.3273632657054595,-2.1567291108508737,-2.1567291108508737,1
06-12-2017,09-01-2018,35,2172.9,1901.3,506.2,2407.5,271.60000000000014,14.284962920107303,188.9000000000001,151.3666666666667,110.79663123015324,8.07,7.690000000000001,8.07,0,5,1.730025432083696,5,-2.748258001418577,-3.0575991342914084,2.168106574448072,2.168106574448072,1
10-01-2018,06-02-2018,28,2011.1,1907.2,506.2,2413.4,103.89999999999986,5.447776845637577,-167.70000000000027,152.73333333333335,120.00397792252997,7.16,7.111999999999999,7.16,0,-1.11491928288465,-1.1128703384013343,-5,0.037663487694807665,-3.7051991792807053,-2.3447391284301373,-2.3447391284301373,1
07-02-2018,06-03-2018,28,2001.1,1908.5,506.4,2414.9,92.59999999999991,4.851977993188363,-11.299999999999955,156.0333333333333,120.6786267552846,7.07,7.168947368421053,7.07,0,-1.6760127289928766,-1.1504087441123256,-0.9131234792027365,0.32672417142317633,-3.4084090480039846,-1.8632774250569948,-1.8632774250569948,1
07-03-2018,10-04-2018,35,2024.6,1929.5,507.3,2436.8,95.09999999999991,4.928738015029796,2.5,97.19999999999989,120.35957720043467,7.18,7.111739130434782,7.18,0,-1.520497927574164,-0.9748794423073314,-0.001198502789734162,0.26098821136544903,-3.188957087389183,-1.573313182493546,-1.573313182493546,1
11-04-2018,08-05-2018,28,2041.2,1936.3,508.5,2444.8,104.90000000000009,5.417548933533032,9.800000000000182,97.5333333333333,119.7726827356457,7.0,6.932777777777778,7.0,0,-0.8002925552390471,-0.7560151342928535,0.548411607454946,-0.013328807780297842,-3.274377296478882,-1.2054387609083586,-1.2054387609083586,1
09-05-2018,05-06-2018,28,2071.3,1992.4,521.9,2514.3,78.90000000000009,3.9600481830957683,-26.0,92.9666666666667,121.38753439868681,,6.967894736842105,6.47,0,-1.8201817657241413,-1.3338794167017205,-1.973663826491016,0.9638208313884049,-3.14007418339832,-2.051601592002112,-2.051601592002112,1
06-06-2018,10-07-2018,35,2104.9,2016.1,527.7,2543.8,88.80000000000018,4.404543425425335,9.900000000000091,90.86666666666679,120.8513468573329,7.0,6.9866666666666655,7.0,0,-1.1777988451262162,-1.0455171772068248,0.6217402530338109,0.6840318477421445,-3.0301150032271256,-1.3378766029475917,-1.3378766029475917,1
11-07-2018,07-08-2018,28,2105.8,2023.8,531.3,2555.1,82.00000000000023,4.051783773100119,-6.7999999999999545,83.2333333333335,121.3363092411435,7.06,7.114,7.06,0,-1.2246517654680664,-1.2016306417375207,-0.4319727891156454,1.0151749538389856,-2.8359678244024713,-1.502823652816168,-1.502823652816168,1
08-08-2018,04-09-2018,28,2100.3,2025.2,527.1,2552.3,75.10000000000014,3.708275725854243,-6.900000000000091,81.96666666666685,121.52073513307622,7.02,7.0755,7.02,0,-1.4623005877414075,-1.442919638606993,-0.5039062500000098,1.1367143084407438,-2.468539545810493,-1.5652559393138654,-1.5652559393138654,1
05-09-2018,09-10-2018,35,2236.1,2167.8,563.6,2731.4,68.29999999999973,3.1506596549497057,-6.800000000000409,75.13333333333337,122.15017217476858,7.0,7.179200000000002,7.0,0,-1.7695167286245348,-1.7638309840084558,-0.27037037037039396,1.5878129368341913,-1.9450930116933984,-1.5871174094996097,-1.5871174094996097,1
10-10-2018,06-11-2018,28,2278.5,2210.1,570.1,2780.2,68.40000000000009,3.094882584498443,0.1000000000003638,70.59999999999998,122.018872064955,7.16,7.231052631578948,7.16,0,-1.741128759716103,-1.8892450540522059,0.24074074074077442,1.5300124460329478,-1.5385345207635446,-1.4302288484934575,-1.4302288484934575,1
07-11-2018,04-12-2018,28,2273.9,2200.5,569.2,2769.7,73.40000000000009,3.335605544194505,5.0,70.0333333333333,121.80394916223227,7.35,7.2535,7.35,0,-1.4832535885167426,-1.591624551777922,0.4257812500000088,1.3532637068625326,-1.3777543507362766,-1.1976162941094082,-1.1976162941094082,1
05-12-2018,08-01-2019,35,2394.6,2202.2,575.3,2777.5,192.4000000000001,8.736717827626924,119.0,111.40000000000009,115.99014449177317,7.41,7.492222222222223,7.41,0,4.210526315789484,2.268047747475928,5,-3.1201949810457883,-1.0176443307470573,2.536285064708537,2.536285064708537,1
09-01-2019,05-02-2019,28,2331.4,2258.0,586.3,2844.3,73.40000000000009,3.2506643046944244,-119.0,113.06666666666676,121.99965685853994,7.59,7.6045,7.59,0,-1.4283467797073746,-1.6325415916362134,-5,1.4534654065504669,-0.718928412647408,-1.8377888739684864,-1.8377888739684864,1
06-02-2019,05-03-2019,28,2337.5,2272.8,588.4,2861.2000000000003,64.69999999999982,2.8467089053150216,-8.700000000000273,110.16666666666667,122.40427807486631,7.58,7.529000000000001,7.58,0,-1.9366234553862678,-1.888716297814054,-0.4111111111111246,1.7826128692156722,-0.6732055085683915,-1.3799653276474737,-1.3799653276474737,1
06-03-2019,09-04-2019,35,2346.3,2278.9,587.2,2866.1000000000004,67.40000000000009,2.9575672473561845,2.700000000000273,68.5,122.15402974896645,7.73,7.614166666666666,7.73,0,-1.8065476190475995,-1.7193122287426812,0.2800000000000311,1.4842204277246924,-0.5000429150807927,-1.1451304526225237,-1.1451304526225237,1
10-04-2019,07-05-2019,28,2377.0,2293.5,588.9,2882.4,83.5,3.6407237846086766,16.09999999999991,71.86666666666663,121.26209507782919,7.64,7.644117647058823,7.64,0,-0.7878931189406582,-1.137653563124466,1.2929687500000124,0.6098712455107814,-0.379498885050759,-0.4611053911730348,-0.4611053911730348,1
08-05-2019,04-06-2019,28,2389.1,2324.4,593.9,2918.3,64.69999999999982,2.7835140251247554,-18.800000000000182,71.86666666666663,122.15060064459422,7.59,7.6705555555555565,7.59,0,-2.1123188405797237,-1.746134355072514,-1.4335937500000284,1.1807315675382746,-0.21764290665086677,-1.4452949721337527,-1.4452949721337527,1
05-06-2019,09-07-2019,35,2393.7,2333.9,595.9,2929.8,59.79999999999973,2.5622348858134334,-4.900000000000091,69.33333333333319,122.39629026193761,7.75,7.434583333333333,7.75,0,-2.0933333333333546,-1.9137417243050328,-0.1523437500000014,1.3117703005409835,-0.41880338361265956,-1.3386545061460975,-1.3386545061460975,1
10-07-2019,06-08-2019,28,2403.8,2334.8,596.7,2931.5,69.0,2.955285249271886,9.200000000000273,64.49999999999984,121.95274149263665,7.31,7.218499999999999,7.31,0,-1.2767295597484318,-1.2917878317462306,0.9492187500000113,0.8158030090200061,-0.7784696456065332,-0.8220369027501402,-0.8220369027501402,1
07-08-2019,03-09-2019,28,2424.3,2362.6,603.8,2966.3999999999996,61.70000000000027,2.6115296707017808,-7.299999999999727,63.5,122.36109392401929,7.1,7.077,7.1,0,-1.3983286908077908,-1.561449013985191,-0.34939759036141255,0.98193386608198,-1.0324802831871946,-1.190307004630035,-1.190307004630035,1
04-09-2019,08-10-2019,35,2490.2,2429.5,620.1,3049.6,60.69999999999982,2.4984564725252034,-1.0000000000004547,63.80000000000003,122.46405911171794,6.99,6.815999999999998,6.99,0,-1.4693251533742335,-1.5994329950864612,0.16525423728811922,0.9884401254030933,-1.5405614578203088,-1.2744742813144565,-1.2744742813144565,1
09-10-2019,05-11-2019,28,2488.6,2430.2,618.9,3049.1,58.40000000000009,2.403094395523006,-2.299999999999727,60.26666666666673,122.52270352808807,6.86,6.6852631578947355,6.86,0,-1.6253968253968079,-1.6672844995639018,-0.06341463414630527,1.0250702992917977,-1.8660528192936845,-1.4617354137252252,-1.4617354137252252,1
06-11-2019,10-12-2019,35,2499.1,2436.2,619.4,3055.6,62.90000000000009,2.5818898284213154,4.5,60.666666666666664,122.26801648593492,6.53,6.4319999999999995,6.53,0,-1.324590163934412,-1.5230439791582375,0.6000000000000022,0.7869987186277585,-2.4059888011635917,-1.3558647524575012,-1.3558647524575012,1
11-12-2019,14-01-2020,35,2526.4,2427.8,617.4,3045.2000000000003,98.59999999999991,4.061290056841581,35.69999999999982,73.30000000000003,120.5351488283724,6.22,6.0566666666666675,6.22,0,1.0231023102310095,-0.09589868680667248,3.643902439024341,-0.6414249640480484,-3.253927458476553,0.06721463811369804,0.06721463811369804,1
15-01-2020,11-02-2020,28,2479.3,2418.4,617.6,3036.0,60.90000000000009,2.5181938471716876,-37.69999999999982,74.13333333333337,122.45391844472229,6.07,6.014,6.07,0,-1.4793103448275662,-1.4268680826339528,-3.5170731707316416,0.899785211400586,-3.7821090047393224,-2.3475638681427133,-2.3475638681427133,1
12-02-2020,10-03-2020,28,2474.1,2398.3,612.7,3011.0,75.79999999999973,3.16057207188424,14.899999999999636,78.43333333333324,121.70082050038398,5.82,5.901111111111112,5.82,0,-0.42545454545457895,-0.8577074295915864,1.4843049327353592,0.20311019874126318,-3.4667449598486333,-1.0073764483588536,-1.0073764483588536,1
11-03-2020,07-04-2020,28,2536.4,2430.8,622.0,3052.8,105.59999999999991,4.344248806977123,29.800000000000182,80.76666666666658,120.35956473742313,5.56,5.696666666666666,5.56,0,1.7418181818181975,0.3689852790425778,2.853773584905676,-0.9012208852076685,-3.829049026826823,0.17268646442615915,0.17268646442615915,1
08-04-2020,12-05-2020,35,2684.8,2604.9,664.8,3269.7,79.90000000000009,3.067296249376179,-25.699999999999818,87.09999999999991,121.78560786650775,5.76,5.816190476190475,5.76,0,-0.05490196078430789,-0.873686349679147,-2.091304347826022,0.20042150290703784,-3.3683694599282,-1.3934252908502476,-1.3934252908502476,1
13-05-2020,09-06-2020,28,2699.5,2634.6,671.3,3305.8999999999996,64.90000000000009,2.4633720488878805,-15.0,83.4666666666667,122.46341915169474,5.51,5.362500000000001,5.51,0,-1.0469314079422452,-1.4878819285460452,-1.1608695652173604,0.6893845065944136,-4.1620528984514324,-1.9530401343117592,-1.9530401343117592,1
10-06-2020,07-07-2020,28,2635.7,2569.5,656.3,3225.8,66.19999999999982,2.57637672698968,1.2999999999997272,70.33333333333333,122.38873923435901,5.14,4.587058823529412,5.14,0,-0.8884462151394527,-1.0269395793285048,0.1650943396226197,0.6221098666940064,-5,-1.7929269191875417,-1.7929269191875417,1
08-07-2020,04-08-2020,28,2589.6,2528.5,646.7,3175.2,61.09999999999991,2.4164524421593794,-5.099999999999909,64.0666666666666,122.61353104726598,4.3,4.1594999999999995,4.3,0,-1.3348837209302205,-1.1483890442577838,-0.30941704035871925,0.7148791574606298,-5,-2.0507191194438312,-2.0507191194438312,1
05-08-2020,08-09-2020,35,2631.7,2577.9,659.2,3237.1000000000004,53.79999999999973,2.086970014352757,-7.300000000000182,60.36666666666648,123.00414180947679,4.1,4.1316,4.1,0,-1.8675799086758267,-1.5435933646279028,-0.5512195121951247,0.9929516764662418,-5,-2.3722342360227833,-2.3722342360227833,1
09-09-2020,06-10-2020,28,2699.0,2633.9,673.2,3307.1000000000004,65.09999999999991,2.4716200311325376,11.300000000000182,59.99999999999985,122.53056687662098,4.12,4.1400000000000015,4.12,0,-0.8058252427184678,-1.0200099443590953,1.1614349775784667,0.5351414539098669,-5,-1.6128260744044676,-1.6128260744044676,1
07-10-2020,10-11-2020,35,2753.1,2688.3,686.2,3374.5,64.79999999999973,2.41044526280548,-0.3000000000001819,61.23333333333312,122.57092005375758,4.2,4.179166666666668,4.2,0,-0.6530612244898314,-1.116965884586723,0.13170731707316038,0.4875712493001734,-5,-1.7380568021571476,-1.7380568021571476,1
11-11-2020,08-12-2020,28,2806.4,2736.7,699.0,3435.7,69.70000000000027,2.5468630101947705,4.900000000000546,66.5333333333333,122.42374572405927,4.14,4.035500000000001,4.14,0,0.04191616766468631,-0.8962760883880629,0.6201117318436531,0.33971294240671734,-5,-1.3663816036378276,-1.3663816036378276,1
09-12-2020,12-01-2021,35,2902.0,2790.7,713.6,3504.2999999999997,111.30000000000018,3.9882466764611095,41.59999999999991,81.9333333333334,120.75465196416263,4.05,4.220555555555555,4.05,0,5,1.5219452836045684,4.720670391061334,-1.028292812943063,-5,1.5885868795603422,1.5885868795603422,1
13-01-2021,09-02-2021,28,2878.5,2818.1,720.7,3538.8,60.40000000000009,2.143288030942837,-50.90000000000009,80.46666666666685,122.93903074517978,4.23,4.1659999999999995,4.23,0,-1.0779220779220657,-1.5949472645965554,-5,0.6999319901330648,-4.516992507595574,-2.655257670320755,-2.655257670320755,1
10-02-2021,09-03-2021,28,2895.3,2825.0,722.0,3547.0,70.30000000000018,2.488495575221245,9.900000000000091,80.66666666666681,122.50889372431182,4.09,4.06,4.09,0,0.21768707482995323,-0.9822872985595748,1.117318435754156,0.2934966684657174,-3.8293899765666284,-0.9591310772279438,-0.9591310772279438,1
10-03-2021,06-04-2021,28,2964.7,2906.3,740.9,3647.2000000000003,58.399999999999636,2.0094277947906147,-11.900000000000546,63.0333333333333,123.0208790096806,4.09,4.250500000000001,4.09,0,-1.3537414965986934,-2.0638523887816462,-1.108374384236416,0.7110498163715165,-3.0716243547234034,-1.9239348673212675,-1.9239348673212675,1
07-04-2021,11-05-2021,35,3010.7,2934.1,748.8,3682.8999999999996,76.59999999999991,2.6106812992058863,18.200000000000273,68.43333333333324,122.32703358023052,4.37,4.494782608695651,4.37,0,1.1224489795918506,-0.5864318969337424,1.8480392156862417,0.0949263493754968,-2.281072798205375,-0.046813148574695485,-0.046813148574695485,1
12-05-2021,08-06-2021,28,3081.6,3005.8,771.8,3777.6000000000004,75.79999999999973,2.52179120367289,-0.8000000000001819,70.26666666666642,122.58566978193149,4.75,4.825999999999999,4.75,0,1.0136054421768586,-0.6044004268533302,-0.027932960893853897,0.2356096321416309,-1.1634557324006254,-0.09139207918566652,-0.09139207918566652,1
09-06-2021,06-07-2021,28,3134.3,3032.0,772.4,3804.4,102.30000000000018,3.374010554089716,26.500000000000455,84.89999999999993,121.37957438662539,5.0,5.238421052631578,5.0,0,4.619047619047714,2.3266861880687,3.0223463687150627,-0.7505880811643677,-0.608930393735622,2.4994575705572286,2.4994575705572286,1
07-07-2021,10-08-2021,35,3169.3,3038.5,773.5,3812.0,130.80000000000018,4.3047556360046135,28.5,102.9666666666667,120.27892594579244,5.36,5.92,5.36,0,5,5,2.963730569948149,-1.6505641359007321,-0.035252980950595536,3.4357463402545734,3.4357463402545734,1
11-08-2021,07-09-2021,28,3193.5,3058.6,777.9,3836.5,134.9000000000001,4.410514614529527,4.099999999999909,122.66666666666681,120.13464850477533,6.24,6.407500000000001,6.24,0,5,5,0.36559139784944056,-1.7685366304202093,0.33040293848376895,3.137439444298358,3.137439444298358,1
08-09-2021,12-10-2021,35,3242.9,3104.1,788.5,3892.6,138.80000000000018,4.471505428304506,3.900000000000091,134.83333333333348,120.03453698849795,6.44,6.5844,6.44,0,5,5,0.204301075268823,-1.8503956183680836,0.4630891582744122,3.1464174508589267,3.1464174508589267,1
13-10-2021,09-11-2021,28,3264.6,3131.5,794.4,3925.9,133.0999999999999,4.250359252754269,-5.700000000000273,135.60000000000005,120.2566930098634,6.67,7.070555555555556,6.67,0,5,5,-0.827956989247325,-1.6687435192717575,0.8277366591047526,3.0827406163890894,3.0827406163890894,1
10-11-2021,07-12-2021,28,3292.1,3148.9,799.9,3948.8,143.19999999999982,4.547619803740983,10.099999999999909,138.36666666666665,119.9477537134352,7.29,7.2829999999999995,7.29,0,5,5,0.870967741935457,-1.9213563962245996,0.9762824289236537,3.3747157685212317,3.3747157685212317,1
08-12-2021,11-01-2022,35,3352.8,3207.4,815.3,4022.7,145.4000000000001,4.533266820477648,2.200000000000273,140.5666666666666,119.98031496062991,7.44,7.764444444444444,7.44,0,5,5,0.049723756906107745,-1.8947317795891456,1.333444854162272,3.3408197770764843,3.3408197770764843,1
12-01-2022,08-02-2022,28,3323.2,3244.6,825.4,4070.0,78.59999999999991,2.422486593108547,-66.80000000000018,122.39999999999993,122.47231584015408,8.07,8.229999999999999,8.07,0,1.051136363636316,-0.6506531987457986,-5,0.10482902406203425,1.6788200126551887,-0.1250605692499419,-0.1250605692499419,1
09-02-2022,08-03-2022,28,3307.2,3304.6,843.3,4147.9,2.599999999999909,0.07867820613689733,-76.0,75.5333333333333,125.42029511369132,8.51,13.062222222222221,8.51,0,-5,-5,-5,2.514409990335963,5,-2.5,-2.5,1
09-03-2022,12-04-2022,35,1464.9,1283.1,150.0,1433.1,181.80000000000018,14.16880991349078,179.20000000000027,87.66666666666667,97.82920335859102,20.39,19.423199999999998,20.39,0,5,5,5,-5,5,5.0,5.0,1
13-04-2022,17-05-2022,35,1541.8,1420.9,162.1,1583.0,120.89999999999986,8.508691674290931,-60.90000000000032,101.76666666666665,102.67220132312882,16.25,15.411904761904763,16.25,0,5,5,-5,-5,5,3.5,3.5,1
18-05-2022,14-06-2022,28,1464.9,1325.5,145.9,1471.4,139.4000000000001,10.516786118445877,18.500000000000227,147.3666666666667,100.44371629462762,13.96,11.678947368421051,13.96,0,5,5,1.8010752688171936,-5,4.237442135810166,4.329521824275121,4.329521824275121,1
15-06-2022,12-07-2022,28,1774.4,1631.2,145.9,1777.1000000000001,143.20000000000005,8.778813143697892,3.7999999999999545,134.5,100.15216411181245,9.6,9.013,9.6,0,4.109756097561086,5,0.07766990291260539,-5,2.2596932207457834,3.2649884247697165,3.2649884247697165,1
13-07-2022,09-08-2022,28,1719.6,1568.7,146.0,1714.7,150.89999999999986,9.619430101357803,7.699999999999818,144.5,99.71505001163062,9.1,8.501000000000001,9.1,0,4.19662921348316,5,0.45631067961161875,-5,1.776899803980293,3.2314917776559215,3.2314917776559215,1
10-08-2022,13-09-2022,35,1694.4,1562.1,146.0,1708.1,132.30000000000018,8.469368158248523,-18.59999999999968,142.13333333333335,100.80854579792256,7.89,7.910400000000001,7.89,0,2.7213930348258657,5,-1.9459459459459434,-5,1.2189226961910538,2.215326344344925,2.215326344344925,1
14-09-2022,11-10-2022,28,2451.6,2320.5,145.9,2466.4,131.0999999999999,5.649644473173881,-1.2000000000002728,138.1,100.60368738782837,7.7,7.703500000000001,7.7,0,2.362186788154864,2.644116406869257,-0.3783783783784163,-5,1.0057920648711267,1.682485737032536,1.682485737032536,1
12-10-2022,15-11-2022,35,2430.3,2323.3,145.9,2469.2000000000003,107.0,4.60551801317092,-24.09999999999991,123.4666666666667,101.60062543718882,7.62,7.5637500000000015,7.62,0,0.6283185840707964,1.3246278961558842,-2.0223880597014805,-5,0.9248479582971334,0.4789222590828111,0.4789222590828111,1
16-11-2022,13-12-2022,28,2406.7,2305.2,145.9,2451.1,101.5,4.403088669095958,-5.5,113.19999999999997,101.84484979432418,7.54,7.2445,7.54,0,0.04334828101644375,0.6217704023925977,-0.5410447761193993,-5,0.7399362872864175,0.2744418543575992,0.2744418543575992,1
14-12-2022,17-01-2023,35,2460.6,2322.1,145.9,2468.0,138.5,5.9644287498385085,37.0,115.66666666666667,100.30073965699424,7.23,7.228421052631579,7.23,0,1.0655021834061067,1.9386409736586503,2.6305970149253555,-5,0.7306232566646849,1.4348313740117744,1.4348313740117744,1
18-01-2023,14-02-2023,28,2513.2,2431.6,145.9,2577.5,81.59999999999991,3.355815101167952,-56.90000000000009,107.19999999999997,102.55849116664015,6.99,6.981500000000001,6.99,0,-0.6226993865030748,-0.27663061317655185,-4.376865671641768,-5,0.5002046334328187,-0.8185811309582747,-0.8185811309582747,1
15-02-2023,14-03-2023,28,2495.8,2402.1,265.4,2667.5,93.70000000000027,3.900753507347749,12.100000000000364,104.60000000000007,106.87955765686353,7.1,7.405294117647058,7.1,0,-0.25153374233128345,-0.030393150274698057,0.8624999999999976,-5,0.5342797400981536,0.1673098376399143,0.1673098376399143,1
15-03-2023,11-04-2023,28,2539.5,2453.2,265.4,2718.6,86.30000000000018,3.5178542312082257,-7.400000000000091,87.20000000000012,107.05256940342586,7.29,7.193500000000002,7.29,0,-0.3424242424242387,-0.15899013568078896,-0.7053571428570992,-5,0.25167207085128085,-0.20248157248442544,-0.20248157248442544,1
12-04-2023,16-05-2023,35,3634.2,3547.9,265.3,3813.2000000000003,86.29999999999973,2.432424814679098,-4.547473508864641e-13,88.76666666666672,104.9254306312256,7.18,7.1536363636363625,7.18,0,-0.34242424242425246,-1.0387497587434833,-0.06467661691542931,-5,0.07395167342824036,-0.3707494987146135,-0.3707494987146135,1
17-05-2023,13-06-2023,28,3693.1,3611.6,271.3,3882.9,81.5,2.256617565621885,-4.799999999999727,84.69999999999997,105.13931385556849,7.28,7.316315789473685,7.28,0,-0.48787878787878863,-1.1817701465286852,-0.5828877005346685,-5,0.1251892034934194,-0.5223359665965928,-0.5223359665965928,1
14-06-2023,11-07-2023,28,3689.9,3621.4,271.3,3892.7000000000003,68.5,1.8915336610150773,-13.0,78.76666666666658,105.49608390471288,7.34,7.3050000000000015,7.34,0,-0.8818181818181798,-1.4457941883322991,-1.184331797234954,-4.828929896533756,0.10184565531330429,-0.8222732664763548,-0.8222732664763548,1
12-07-2023,08-08-2023,28,4328.4,4255.8,271.3,4527.1,72.59999999999945,1.7059072324827167,4.099999999999454,74.19999999999982,104.59061084927457,7.56,8.142499999999998,7.56,0,-0.7656967840735203,-1.593435298497392,0.3124999999999482,-3.6117075206697447,0.8068493931278119,-0.4177653507681349,-0.4177653507681349,1
09-08-2023,12-09-2023,35,4467.4,4385.3,271.7,4657.0,82.09999999999945,1.8721638200351047,9.5,74.39999999999964,104.24407933025921,8.35,11.33,8.35,0,-0.5032467532467724,-1.4612003179907487,0.7303370786516465,-1.0262222610525913,3.6256832193177733,0.4745349234931328,0.4745349234931328,1
13-09-2023,10-10-2023,28,4577.9,4503.9,271.7,4775.599999999999,74.0,1.6430204933502077,-8.099999999999454,76.23333333333296,104.31857401865483,11.99,12.4785,11.99,0,-0.8280701754386013,-1.6119564170913507,-1.0109890109889763,-0.3231034802391036,4.733151803948265,0.33882593366237157,0.33882593366237157,1
11-10-2023,14-11-2023,35,4641.0,4562.5,271.7,4834.2,78.5,1.7205479452054795,4.5,78.19999999999982,104.1628959276018,12.69,13.690000000000003,12.69,0,-0.6920289855072536,-1.551475422579776,0.1538461538461386,-0.32376969258552807,5,0.642997922504438,0.642997922504438,1
15-11-2023,12-12-2023,28,4667.076071714286,4595.6,271.7,4867.3,71.47607171428535,1.5553153388955816,-7.023928285714646,74.65869057142845,104.29013637680367,14.73,14.9255,14.73,0,-0.9779860494721492,-1.5725393069350004,-0.8927393720565758,-0.20182923833735414,5,0.38065915014251134,0.38065915014251134,1
13-12-2023,16-01-2024,35,4656.088571428571,4564.6,271.7,4836.3,91.48857142857105,2.0043064327338875,20.012499714285696,80.48821438095213,103.87044674530614,15.16,15.388333333333334,15.16,0,-0.04767184035478154,-1.1570221265525056,2.0782966718996096,-0.2493325166288828,5,1.2558038250226415,1.2558038250226415,1
17-01-2024,13-02-2024,28,4723.0,4647.3,273.2,4920.5,75.69999999999982,1.628902803778534,-15.788571428571231,79.55488104761874,104.18166419648529,15.59,15.897499999999999,15.59,0,-0.7783143484237756,-1.3839714731714343,-1.8558869701727176,-0.1361155258990793,5,0.35321406423291235,0.35321406423291235,1
14-02-2024,12-03-2024,28,4799.78,4712.3,273.1,4985.400000000001,87.47999999999956,1.8564183095303686,11.779999999999745,84.88952380952348,103.86726058277674,15.79,15.687222222222223,15.79,0,-0.2487946853063227,-1.1045461984520062,1.0744466800805097,-0.1566855106147092,5,1.047952312541862,1.047952312541862,1
13-03-2024,09-04-2024,28,4658.6,4571.8,504.2,5076.0,86.80000000000018,1.8985957390962025,-0.6799999999993815,83.32666666666653,108.95977332245738,15.75,15.632499999999999,15.75,0,-0.3003109729009173,-1.0353670176941547,-0.1956043956043245,1.20187006118827,5,0.8567087457204916,0.8567087457204916,1
10-04-2024,07-05-2024,28,4670.0,4581.9,504.2,5086.099999999999,88.10000000000036,1.9227831249045237,1.300000000000182,87.46000000000004,108.91006423982867,15.61,15.764444444444441,15.61,0,-0.2329335110321096,-0.9921226195370072,0.07386363636367482,1.188608915929224,5,0.9315221617090611,0.9315221617090611,1
08-05-2024,04-06-2024,28,4751.6,4677.0,504.2,5181.2,74.60000000000036,1.5950395552704806,-13.5,83.16666666666697,109.04116508123577,16.01,15.930555555555555,16.01,0,-0.9326225381311687,-1.1934563123714719,-1.5464480874316637,1.2235833553987359,5,0.3932508204464734,0.3932508204464734,1
05-06-2024,09-07-2024,35,4954.5,4742.1,504.1,5246.200000000001,212.39999999999964,4.479028278610734,137.79999999999927,125.03333333333346,105.88757695024727,16.0,15.720833333333333,16.0,0,5,0.42426843295566136,5,0.4409173879413238,5,3.856067108238915,3.856067108238915,1
10-07-2024,13-08-2024,35,5134.3,4769.3,504.0,5273.3,365.0,7.653114712850942,152.60000000000036,217.33333333333334,102.7072823948737,16.27,16.6148,16.27,0,5,2.158089017629842,5,-0.585872786934697,5,4.28952225440746,4.28952225440746,1
14-08-2024,10-09-2024,28,4989.1,4746.3,504.0,5250.3,242.80000000000018,5.115563702252284,-122.19999999999982,273.3999999999999,105.2354132007777,17.65,18.072499999999998,17.65,0,5,0.7695181188574325,-5,0.352744821984406,4.718978749271797,2.372124217032307,2.372124217032307,1
11-09-2024,08-10-2024,28,4923.8,4806.6,504.0,5310.6,117.19999999999982,2.438313984937374,-125.60000000000036,241.66666666666666,107.85572119095008,18.15,18.442500000000003,18.15,0,1.1969943183563572,-0.634971698309895,-5,1.3454864906144486,2.793747583344076,0.20864198268327017,0.20864198268327017,1
09-10-2024,12-11-2024,35,5051.7,4925.4,504.0,5429.4,126.30000000000018,2.5642587404068746,9.100000000000364,162.10000000000005,107.47669101490587,18.56,19.5416,18.56,0,1.63968206846843,-0.2935896731636859,0.7687296416938357,1.201885413627115,1.9341460831689994,1.099337272719354,1.099337272719354,1
13-11-2024,10-12-2024,28,5135.4,5019.5,504.0,5523.5,115.89999999999964,2.308994919812723,-10.400000000000546,119.79999999999988,107.55734704209993,20.85,20.752499999999994,20.85,0,1.1337532111974833,-0.2076337238769433,-0.7684809098294546,1.2324431187984224,2.1404714961840767,0.7647509305214844,0.7647509305214844,1
11-12-2024,14-01-2025,35,5291.5,5136.3,499.3,5635.6,155.19999999999982,3.021630356482289,39.30000000000018,132.46666666666655,106.50288198053484,21.31,21.15823529411765,21.31,0,3.045580527615488,0.5851063871061709,3.1835443037975013,0.8733483025554212,1.8297711333121367,2.1472042103396225,2.1472042103396225,1
15-01-2025,11-02-2025,28,5232.9,5150.2,499.7,5649.9,82.69999999999982,1.6057628829948316,-72.5,117.9333333333331,107.96881270423665,20.74,20.696499999999997,20.74,0,-0.4813273716289062,-0.9940484490163638,-5,1.4556783060930831,1.472693032015065,-0.7988034343204418,-0.7988034343204418,1
12-02-2025,11-03-2025,28,5239.2,5181.7,499.7,5681.4,57.5,1.1096744311712374,-25.199999999999818,98.46666666666654,108.44021988089784,20.76,21.119999999999997,20.76,0,-1.7072319104007418,-1.544716262090207,-1.919303797468373,1.6429412772651284,1.294046691867864,-0.9480941308161014,-0.9480941308161014,1
12-03-2025,08-04-2025,28,5110.0,5064.8,560.8,5625.6,45.19999999999982,0.8924340546517102,-12.300000000000182,61.799999999999876,110.09001956947164,21.21,21.439500000000002,21.21,0,-2.5106618477337,-1.7937105087629537,-0.7560975609756133,2.2438749719551057,1.284826374814214,-1.1193673143403218,-1.1193673143403218,1
09-04-2025,06-05-2025,28,5052.1,4995.7,560.8,5556.5,56.400000000000546,1.1289709149868998,11.200000000000728,53.03333333333345,109.98396706320143,21.5,20.915555555555553,21.5,0,-1.7672595073119985,-1.5608904436663609,1.0033057851239826,2.084866584826158,1.103876638081448,-0.5822984111868305,-0.5822984111868305,1
07-05-2025,03-06-2025,28,5009.7,4963.4,560.8,5524.2,46.30000000000018,0.9328283031792761,-10.100000000000364,49.30000000000018,110.27007605245822,20.67,20.85111111111111,20.67,0,-2.3810684105824227,-1.8413204848162168,-0.6228070175438866,2.1299271972073783,0.9943730566429463,-1.1385318533787487,-1.1385318533787487,1
04-06-2025,08-07-2025,35,5027.02,4960.1,554.8,5514.900000000001,66.92000000000007,1.3491663474526736,20.61999999999989,56.54000000000027,109.70515335128962,20.79,19.97086956521739,20.79,0,-1.1852458941873583,-1.151977706400068,1.9203252032519953,1.862981280342425,0.8429644829010773,-0.20404058835252376,-0.20404058835252376,1
09-07-2025,12-08-2025,35,4996.1,4950.9,554.8,5505.7,45.20000000000073,0.9129653194368849,-21.719999999999345,52.80666666666699,110.1999559656532,19.66,18.612399999999994,19.66,0,-2.490909090909044,-1.7292174084442964,-1.1963898916967115,2.0652072909668893,0.5829712549430413,-1.337838203947986,-1.337838203947986,1
13-08-2025,09-09-2025,28,5058.6,5003.6,554.8,5558.400000000001,55.0,1.0992085698297227,9.799999999999272,55.70666666666693,109.88020400901435,17.73,17.7425,17.73,0,-1.787878787878774,-1.335669397448407,1.0123149926561474,2.078903018994205,0.4352687177114658,-0.6990104967933839,-0.6990104967933839,1
10-09-2025,07-10-2025,28,5147.3,5080.5,554.8,5635.3,66.80000000000018,1.3148312173998657,11.800000000000182,55.66666666666697,109.4806986186933,17.07,16.9095,17.07,0,-1.0619469026548591,-1.030489440914277,1.1364448414470951,1.5362264767299223,0.27007955676316414,-0.39131716074991474,-0.39131716074991474,1
08-10-2025,11-11-2025,35,5250.5,5185.4,554.6,5740.0,65.10000000000036,1.2554479885833372,-1.699999999999818,62.30000000000018,109.32292162651176,16.75,16.393333333333334,16.75,0,-1.184582743988666,-1.1151052246483897,-0.042288557213947045,1.1025769055737868,0.14326713244266265,-0.6639067670295569,-0.6639067670295569,1
12-11-2025,09-12-2025,28,5265.5,5203.3,554.1,5757.400000000001,62.19999999999982,1.1953952299502202,-2.9000000000005457,64.70000000000012,109.34194283543823,16.36,16.323500000000003,16.36,0,-1.3981213872832552,-1.1712856079589318,-0.14179104477619314,1.0000897904892048,0.11594688514171558,-0.7744458229698723,-0.7744458229698723,1
10-12-2025,13-01-2026,35,5428.5,5307.6,554.1,5861.700000000001,120.89999999999964,2.277865702012202,58.69999999999982,82.73333333333328,107.98010500138162,16.08,15.831249999999999,16.08,0,2.843208092485543,0.7401163325135498,4.966003316749372,0.32960671824939997,-0.026990259957866407,1.9183048480212666,1.9183048480212666,1
14-01-2026,10-02-2026,28,5414.2,5314.3,554.6,5868.900000000001,99.89999999999964,1.879833656361132,-21.0,94.33333333333303,108.39828598869641,15.63,15.646499999999998,15.63,0,1.2115127175368403,0.029199355492414824,-1.6426202321724497,0.4187466951443397,-0.10236684126390325,0.15934454486915456,0.15934454486915456,1
11-02-2026,10-03-2026,28,5451.2,5342.2,554.6,5896.8,109.0,2.040357904982966,9.100000000000364,109.9333333333331,108.17434693278545,15.25,15.268888888888888,15.25,0,1.7160883280757862,0.36687142948310464,0.897905759162262,0.22424755427644308,-0.27149453504003745,0.7591610023116313,0.7591610023116313,1
11-03-2026,14-04-2026,35,5407.2,5301.4,587.5,5888.9,105.80000000000018,1.9956992492549175,-3.199999999999818,104.89999999999993,108.90849238052967,15.03,14.817599999999997,15.03,0,1.3793103448276411,0.30621339263959335,-0.1753926701570796,0.49903255088589804,-0.5003663560879779,0.4079114793040163,0.4079114793040163,1
