date,ruonia_rate
01-04-2010,3.24
02-04-2010,3.27
05-04-2010,3.1
06-04-2010,3.03
07-04-2010,3.0
08-04-2010,2.9
09-04-2010,2.95
12-04-2010,3.05
13-04-2010,3.09
14-04-2010,3.16
15-04-2010,3.81
16-04-2010,3.46
19-04-2010,2.9
20-04-2010,3.42
21-04-2010,3.31
22-04-2010,3.3
23-04-2010,2.84
26-04-2010,3.36
27-04-2010,3.2
28-04-2010,3.64
29-04-2010,3.96
30-04-2010,2.91
04-05-2010,2.84
05-05-2010,2.82
06-05-2010,2.85
07-05-2010,2.35
11-05-2010,2.83
12-05-2010,2.27
13-05-2010,2.42
14-05-2010,2.49
17-05-2010,3.06
18-05-2010,2.6
19-05-2010,2.74
20-05-2010,2.7
21-05-2010,2.44
24-05-2010,2.57
25-05-2010,2.54
26-05-2010,2.59
27-05-2010,2.63
28-05-2010,2.75
31-05-2010,2.81
01-06-2010,2.04
02-06-2010,2.34
03-06-2010,2.26
04-06-2010,2.38
07-06-2010,2.6
08-06-2010,2.29
09-06-2010,2.51
10-06-2010,2.41
11-06-2010,2.47
15-06-2010,2.45
16-06-2010,2.52
17-06-2010,2.2
18-06-2010,2.52
21-06-2010,2.57
22-06-2010,2.33
23-06-2010,2.18
24-06-2010,2.25
25-06-2010,2.64
28-06-2010,3.29
29-06-2010,2.6
30-06-2010,2.23
01-07-2010,2.01
02-07-2010,2.41
05-07-2010,2.52
06-07-2010,2.58
07-07-2010,2.45
08-07-2010,2.45
09-07-2010,2.33
12-07-2010,2.49
13-07-2010,2.42
14-07-2010,2.48
15-07-2010,2.48
16-07-2010,2.62
19-07-2010,2.61
20-07-2010,2.66
21-07-2010,2.65
22-07-2010,2.18
23-07-2010,2.63
26-07-2010,3.17
27-07-2010,2.96
28-07-2010,3.4
29-07-2010,2.84
30-07-2010,2.65
02-08-2010,2.22
03-08-2010,2.62
04-08-2010,2.38
05-08-2010,2.38
06-08-2010,2.65
09-08-2010,2.55
10-08-2010,2.59
11-08-2010,2.65
12-08-2010,2.37
13-08-2010,2.68
16-08-2010,2.68
17-08-2010,2.56
18-08-2010,2.44
19-08-2010,2.25
20-08-2010,2.59
23-08-2010,2.52
24-08-2010,2.55
25-08-2010,2.69
26-08-2010,2.46
27-08-2010,2.67
30-08-2010,2.79
31-08-2010,2.59
01-09-2010,2.33
02-09-2010,2.28
03-09-2010,2.42
06-09-2010,2.5
07-09-2010,2.42
08-09-2010,2.34
09-09-2010,2.06
10-09-2010,2.57
13-09-2010,2.79
14-09-2010,2.64
15-09-2010,2.71
16-09-2010,2.35
17-09-2010,2.49
20-09-2010,2.61
21-09-2010,2.45
22-09-2010,2.49
23-09-2010,2.57
24-09-2010,2.67
27-09-2010,2.94
28-09-2010,2.87
29-09-2010,2.79
30-09-2010,2.61
01-10-2010,2.28
04-10-2010,2.41
05-10-2010,2.47
06-10-2010,2.38
07-10-2010,2.29
08-10-2010,2.43
11-10-2010,2.51
12-10-2010,2.52
13-10-2010,2.58
14-10-2010,2.45
15-10-2010,2.53
18-10-2010,2.63
19-10-2010,2.54
20-10-2010,2.72
21-10-2010,2.76
22-10-2010,2.78
25-10-2010,3.12
26-10-2010,3.16
27-10-2010,2.99
28-10-2010,2.96
29-10-2010,3.06
01-11-2010,2.9
02-11-2010,2.8
03-11-2010,2.77
08-11-2010,2.8
09-11-2010,2.63
10-11-2010,2.7
11-11-2010,2.68
12-11-2010,2.67
13-11-2010,2.59
15-11-2010,2.74
16-11-2010,2.69
17-11-2010,2.64
18-11-2010,2.69
19-11-2010,2.88
22-11-2010,3.42
23-11-2010,3.0
24-11-2010,2.9
25-11-2010,3.28
26-11-2010,3.14
29-11-2010,4.27
30-11-2010,4.43
01-12-2010,3.13
02-12-2010,2.78
03-12-2010,2.78
06-12-2010,2.85
07-12-2010,2.84
08-12-2010,2.82
09-12-2010,2.61
10-12-2010,2.7
13-12-2010,2.73
14-12-2010,3.05
15-12-2010,2.92
16-12-2010,2.56
17-12-2010,2.46
20-12-2010,2.73
21-12-2010,2.62
22-12-2010,2.77
23-12-2010,2.76
24-12-2010,2.94
27-12-2010,3.94
28-12-2010,3.3
29-12-2010,2.74
30-12-2010,2.9
31-12-2010,0.42
11-01-2011,2.44
12-01-2011,2.53
13-01-2011,2.52
14-01-2011,2.5
17-01-2011,2.68
18-01-2011,2.69
19-01-2011,2.39
20-01-2011,2.75
21-01-2011,2.6
24-01-2011,2.82
25-01-2011,2.66
26-01-2011,2.71
27-01-2011,2.65
28-01-2011,2.87
31-01-2011,2.77
01-02-2011,2.35
02-02-2011,2.59
03-02-2011,2.77
04-02-2011,2.56
07-02-2011,2.52
08-02-2011,2.64
09-02-2011,2.53
10-02-2011,2.72
11-02-2011,2.73
14-02-2011,2.9
15-02-2011,2.93
16-02-2011,2.87
17-02-2011,2.72
18-02-2011,2.73
21-02-2011,2.85
22-02-2011,2.73
24-02-2011,2.75
25-02-2011,2.93
28-02-2011,3.27
01-03-2011,3.14
02-03-2011,3.1
03-03-2011,3.07
04-03-2011,2.72
05-03-2011,2.69
09-03-2011,3.1
10-03-2011,3.1
11-03-2011,2.96
14-03-2011,3.09
15-03-2011,3.01
16-03-2011,3.02
17-03-2011,3.06
18-03-2011,2.88
21-03-2011,3.09
22-03-2011,3.08
23-03-2011,2.91
24-03-2011,3.02
25-03-2011,3.05
28-03-2011,3.11
29-03-2011,3.09
30-03-2011,3.09
31-03-2011,3.01
01-04-2011,2.96
04-04-2011,3.06
05-04-2011,2.89
06-04-2011,3.03
07-04-2011,2.99
08-04-2011,2.52
11-04-2011,3.0
12-04-2011,3.03
13-04-2011,3.02
14-04-2011,3.03
15-04-2011,3.01
18-04-2011,3.08
19-04-2011,3.08
20-04-2011,3.11
21-04-2011,3.12
22-04-2011,3.12
25-04-2011,3.25
26-04-2011,3.32
27-04-2011,3.32
28-04-2011,3.88
29-04-2011,4.61
03-05-2011,4.59
04-05-2011,3.78
05-05-2011,3.38
06-05-2011,3.34
10-05-2011,3.36
11-05-2011,3.36
12-05-2011,3.35
13-05-2011,3.32
16-05-2011,3.38
17-05-2011,3.37
18-05-2011,3.38
19-05-2011,3.47
20-05-2011,3.71
23-05-2011,3.52
24-05-2011,3.49
25-05-2011,3.68
26-05-2011,3.93
27-05-2011,4.75
30-05-2011,4.25
31-05-2011,4.04
01-06-2011,3.69
02-06-2011,3.64
03-06-2011,3.59
06-06-2011,3.6
07-06-2011,3.62
08-06-2011,3.6
09-06-2011,3.61
10-06-2011,3.62
14-06-2011,3.64
15-06-2011,3.64
16-06-2011,3.68
17-06-2011,3.62
20-06-2011,3.66
21-06-2011,3.66
22-06-2011,3.63
23-06-2011,3.64
24-06-2011,3.62
27-06-2011,3.7
28-06-2011,3.76
29-06-2011,3.72
30-06-2011,3.75
01-07-2011,3.7
04-07-2011,3.71
05-07-2011,3.69
06-07-2011,3.54
07-07-2011,3.61
08-07-2011,3.5
11-07-2011,3.63
12-07-2011,3.62
13-07-2011,3.66
14-07-2011,3.64
15-07-2011,3.65
18-07-2011,3.66
19-07-2011,3.69
20-07-2011,3.7
21-07-2011,3.73
22-07-2011,3.74
25-07-2011,3.98
26-07-2011,4.02
27-07-2011,4.33
28-07-2011,4.65
29-07-2011,4.79
01-08-2011,4.19
02-08-2011,3.96
03-08-2011,3.81
04-08-2011,3.75
05-08-2011,3.72
08-08-2011,3.69
09-08-2011,3.75
10-08-2011,3.67
11-08-2011,3.68
12-08-2011,3.7
15-08-2011,3.72
16-08-2011,3.73
17-08-2011,3.66
18-08-2011,3.67
19-08-2011,3.71
22-08-2011,3.73
23-08-2011,3.71
24-08-2011,3.72
25-08-2011,3.85
26-08-2011,4.12
29-08-2011,4.76
30-08-2011,4.71
31-08-2011,3.86
01-09-2011,3.75
02-09-2011,3.73
05-09-2011,3.72
06-09-2011,3.68
07-09-2011,3.62
08-09-2011,3.61
09-09-2011,3.61
12-09-2011,3.94
13-09-2011,4.0
14-09-2011,4.09
15-09-2011,4.89
16-09-2011,4.68
19-09-2011,5.03
20-09-2011,4.69
21-09-2011,4.36
22-09-2011,4.71
23-09-2011,4.59
26-09-2011,4.98
27-09-2011,5.17
28-09-2011,5.04
29-09-2011,4.88
30-09-2011,5.17
03-10-2011,4.7
04-10-2011,4.32
05-10-2011,4.15
06-10-2011,4.07
07-10-2011,4.03
10-10-2011,4.46
11-10-2011,5.39
12-10-2011,4.75
13-10-2011,4.75
14-10-2011,4.94
17-10-2011,4.99
18-10-2011,5.04
19-10-2011,4.95
20-10-2011,5.14
21-10-2011,4.98
24-10-2011,5.24
25-10-2011,5.61
26-10-2011,5.21
27-10-2011,4.92
28-10-2011,5.14
31-10-2011,5.52
01-11-2011,4.93
02-11-2011,4.65
03-11-2011,4.62
07-11-2011,4.8
08-11-2011,4.88
09-11-2011,4.64
10-11-2011,5.09
11-11-2011,5.03
14-11-2011,5.09
15-11-2011,5.01
16-11-2011,4.83
17-11-2011,4.87
18-11-2011,4.7
21-11-2011,4.85
22-11-2011,4.81
23-11-2011,4.87
24-11-2011,5.04
25-11-2011,5.39
28-11-2011,5.36
29-11-2011,5.56
30-11-2011,5.25
01-12-2011,5.01
02-12-2011,4.96
05-12-2011,4.97
06-12-2011,5.18
07-12-2011,5.28
08-12-2011,5.3
09-12-2011,4.6
12-12-2011,5.56
13-12-2011,5.81
14-12-2011,4.95
15-12-2011,5.26
16-12-2011,4.91
19-12-2011,4.92
20-12-2011,6.03
21-12-2011,5.96
22-12-2011,5.69
23-12-2011,5.63
26-12-2011,5.91
27-12-2011,5.72
28-12-2011,5.47
29-12-2011,4.86
10-01-2012,4.52
11-01-2012,4.43
12-01-2012,4.41
13-01-2012,4.4
16-01-2012,4.44
17-01-2012,4.5
18-01-2012,4.49
19-01-2012,4.49
20-01-2012,4.55
23-01-2012,4.6
24-01-2012,5.02
25-01-2012,5.52
26-01-2012,5.63
27-01-2012,5.58
30-01-2012,5.52
31-01-2012,4.64
01-02-2012,4.45
02-02-2012,4.28
03-02-2012,4.23
06-02-2012,4.22
07-02-2012,4.2
08-02-2012,4.12
09-02-2012,4.19
10-02-2012,4.23
13-02-2012,4.27
14-02-2012,4.27
15-02-2012,4.28
16-02-2012,4.26
17-02-2012,4.26
20-02-2012,4.41
21-02-2012,4.27
22-02-2012,4.26
24-02-2012,4.24
27-02-2012,4.44
28-02-2012,5.11
29-02-2012,5.18
01-03-2012,4.68
02-03-2012,4.4
05-03-2012,4.46
06-03-2012,4.5
07-03-2012,4.49
11-03-2012,4.64
12-03-2012,5.06
13-03-2012,4.89
14-03-2012,4.76
15-03-2012,4.9
16-03-2012,5.04
19-03-2012,5.2
20-03-2012,5.33
21-03-2012,5.17
22-03-2012,4.94
23-03-2012,4.99
26-03-2012,5.95
27-03-2012,5.48
28-03-2012,5.7
29-03-2012,5.69
30-03-2012,5.48
02-04-2012,5.69
03-04-2012,4.98
04-04-2012,4.62
05-04-2012,4.47
06-04-2012,4.48
09-04-2012,4.37
10-04-2012,4.63
11-04-2012,4.9
12-04-2012,5.44
13-04-2012,5.28
16-04-2012,5.24
17-04-2012,5.35
18-04-2012,5.08
19-04-2012,5.25
20-04-2012,5.32
23-04-2012,5.43
24-04-2012,5.64
25-04-2012,5.71
26-04-2012,6.09
27-04-2012,6.17
28-04-2012,6.0
02-05-2012,5.85
03-05-2012,5.62
04-05-2012,5.24
05-05-2012,5.07
10-05-2012,5.96
11-05-2012,5.72
12-05-2012,5.22
14-05-2012,5.31
15-05-2012,5.28
16-05-2012,5.5
17-05-2012,5.79
18-05-2012,5.77
21-05-2012,5.77
22-05-2012,5.35
23-05-2012,5.12
24-05-2012,5.79
25-05-2012,6.34
28-05-2012,6.03
29-05-2012,6.4
30-05-2012,6.39
31-05-2012,6.22
01-06-2012,4.96
04-06-2012,4.92
05-06-2012,5.15
06-06-2012,5.28
07-06-2012,6.27
08-06-2012,5.4
09-06-2012,5.15
13-06-2012,6.17
14-06-2012,6.66
15-06-2012,5.61
18-06-2012,5.1
19-06-2012,5.38
20-06-2012,5.58
21-06-2012,5.33
22-06-2012,5.87
25-06-2012,5.72
26-06-2012,6.18
27-06-2012,6.1
28-06-2012,6.13
29-06-2012,6.11
02-07-2012,5.54
03-07-2012,4.91
04-07-2012,5.04
05-07-2012,5.24
06-07-2012,5.28
09-07-2012,5.74
10-07-2012,5.29
11-07-2012,5.43
12-07-2012,5.92
13-07-2012,5.57
16-07-2012,5.44
17-07-2012,5.53
18-07-2012,5.43
19-07-2012,5.16
20-07-2012,5.22
23-07-2012,5.63
24-07-2012,5.71
25-07-2012,5.99
26-07-2012,6.01
27-07-2012,5.63
30-07-2012,5.86
31-07-2012,6.13
01-08-2012,5.09
02-08-2012,5.53
03-08-2012,5.31
06-08-2012,5.36
07-08-2012,5.64
08-08-2012,5.1
09-08-2012,4.46
10-08-2012,5.52
13-08-2012,5.93
14-08-2012,5.7
15-08-2012,5.38
16-08-2012,5.05
17-08-2012,4.87
20-08-2012,5.53
21-08-2012,5.54
22-08-2012,4.96
23-08-2012,4.6
24-08-2012,4.77
27-08-2012,5.81
28-08-2012,5.43
29-08-2012,5.18
30-08-2012,5.24
31-08-2012,4.68
03-09-2012,4.54
04-09-2012,4.48
05-09-2012,5.08
06-09-2012,5.12
07-09-2012,4.71
10-09-2012,5.6
11-09-2012,5.12
12-09-2012,5.04
13-09-2012,5.25
14-09-2012,5.62
17-09-2012,5.77
18-09-2012,5.7
19-09-2012,5.3
20-09-2012,5.52
21-09-2012,5.52
24-09-2012,6.06
25-09-2012,6.45
26-09-2012,6.03
27-09-2012,6.07
28-09-2012,6.22
01-10-2012,5.97
02-10-2012,5.67
03-10-2012,5.54
04-10-2012,5.82
05-10-2012,5.54
08-10-2012,5.83
09-10-2012,5.93
10-10-2012,6.17
11-10-2012,6.33
12-10-2012,6.05
15-10-2012,6.22
16-10-2012,6.19
17-10-2012,5.8
18-10-2012,5.71
19-10-2012,5.7
22-10-2012,5.91
23-10-2012,6.13
24-10-2012,6.16
25-10-2012,6.42
26-10-2012,6.23
29-10-2012,6.37
30-10-2012,6.37
31-10-2012,6.46
01-11-2012,6.28
02-11-2012,5.86
06-11-2012,6.06
07-11-2012,5.82
08-11-2012,5.27
09-11-2012,5.59
12-11-2012,5.94
13-11-2012,6.11
14-11-2012,6.44
15-11-2012,6.28
16-11-2012,6.1
19-11-2012,6.03
20-11-2012,6.01
21-11-2012,5.86
22-11-2012,5.9
23-11-2012,5.94
26-11-2012,6.3
27-11-2012,6.42
28-11-2012,6.5
29-11-2012,6.19
30-11-2012,6.47
03-12-2012,6.41
04-12-2012,6.36
05-12-2012,6.34
06-12-2012,5.96
07-12-2012,5.89
10-12-2012,6.29
11-12-2012,6.37
12-12-2012,6.09
13-12-2012,6.15
14-12-2012,6.45
17-12-2012,6.28
18-12-2012,6.47
19-12-2012,6.39
20-12-2012,6.39
21-12-2012,6.27
24-12-2012,6.09
25-12-2012,5.93
26-12-2012,6.15
27-12-2012,6.24
28-12-2012,5.33
09-01-2013,5.69
10-01-2013,4.98
11-01-2013,4.96
14-01-2013,4.98
15-01-2013,4.91
16-01-2013,5.18
17-01-2013,5.5
18-01-2013,5.31
21-01-2013,5.49
22-01-2013,5.28
23-01-2013,4.9
24-01-2013,4.9
25-01-2013,5.69
28-01-2013,6.17
29-01-2013,5.82
30-01-2013,5.67
31-01-2013,5.87
01-02-2013,5.53
04-02-2013,5.3
05-02-2013,5.2
06-02-2013,5.16
07-02-2013,4.94
08-02-2013,4.81
11-02-2013,5.25
12-02-2013,5.27
13-02-2013,5.44
14-02-2013,5.59
15-02-2013,5.75
18-02-2013,6.13
19-02-2013,5.78
20-02-2013,5.85
21-02-2013,6.01
22-02-2013,5.97
25-02-2013,6.12
26-02-2013,6.08
27-02-2013,5.88
28-02-2013,6.16
01-03-2013,5.96
04-03-2013,6.0
05-03-2013,6.16
06-03-2013,6.37
07-03-2013,6.45
11-03-2013,6.09
12-03-2013,5.65
13-03-2013,5.36
14-03-2013,5.88
15-03-2013,5.75
18-03-2013,5.94
19-03-2013,5.47
20-03-2013,5.77
21-03-2013,5.74
22-03-2013,5.93
25-03-2013,6.22
26-03-2013,6.16
27-03-2013,5.92
28-03-2013,6.13
29-03-2013,6.28
01-04-2013,5.93
02-04-2013,5.93
03-04-2013,5.93
04-04-2013,5.71
05-04-2013,5.6
08-04-2013,5.87
09-04-2013,6.22
10-04-2013,5.94
11-04-2013,5.84
12-04-2013,5.8
15-04-2013,6.01
16-04-2013,6.14
17-04-2013,6.1
18-04-2013,6.14
19-04-2013,6.24
22-04-2013,6.28
23-04-2013,6.35
24-04-2013,6.38
25-04-2013,6.5
26-04-2013,6.41
29-04-2013,6.52
30-04-2013,6.52
06-05-2013,6.53
07-05-2013,6.25
08-05-2013,6.1
13-05-2013,6.36
14-05-2013,6.25
15-05-2013,6.25
16-05-2013,6.37
17-05-2013,6.28
20-05-2013,6.33
21-05-2013,6.34
22-05-2013,6.32
23-05-2013,6.3
24-05-2013,6.24
27-05-2013,6.25
28-05-2013,6.29
29-05-2013,6.26
30-05-2013,6.3
31-05-2013,6.29
03-06-2013,6.35
04-06-2013,6.4
05-06-2013,6.24
06-06-2013,6.06
07-06-2013,5.84
10-06-2013,6.03
11-06-2013,6.02
13-06-2013,6.15
14-06-2013,6.09
17-06-2013,6.2
18-06-2013,6.18
19-06-2013,6.12
20-06-2013,6.31
21-06-2013,6.35
24-06-2013,6.39
25-06-2013,6.5
26-06-2013,6.44
27-06-2013,6.48
28-06-2013,6.49
01-07-2013,6.35
02-07-2013,6.16
03-07-2013,5.88
04-07-2013,5.6
05-07-2013,5.49
08-07-2013,5.51
09-07-2013,5.6
10-07-2013,5.89
11-07-2013,5.96
12-07-2013,5.94
15-07-2013,6.14
16-07-2013,6.15
17-07-2013,6.03
18-07-2013,6.0
19-07-2013,5.95
22-07-2013,6.01
23-07-2013,6.02
24-07-2013,6.01
25-07-2013,6.24
26-07-2013,6.36
29-07-2013,6.37
30-07-2013,6.25
31-07-2013,6.14
01-08-2013,6.13
02-08-2013,6.01
05-08-2013,6.01
06-08-2013,5.98
07-08-2013,5.82
08-08-2013,5.77
09-08-2013,5.7
12-08-2013,5.83
13-08-2013,5.97
14-08-2013,6.13
15-08-2013,6.09
16-08-2013,6.0
19-08-2013,5.94
20-08-2013,5.97
21-08-2013,5.88
22-08-2013,5.91
23-08-2013,5.9
26-08-2013,6.24
27-08-2013,6.33
28-08-2013,6.28
29-08-2013,6.28
30-08-2013,6.09
02-09-2013,5.87
03-09-2013,5.89
04-09-2013,5.88
05-09-2013,5.92
06-09-2013,6.07
09-09-2013,6.13
10-09-2013,6.14
11-09-2013,6.03
12-09-2013,6.12
13-09-2013,6.03
16-09-2013,6.12
17-09-2013,6.16
18-09-2013,6.12
19-09-2013,6.28
20-09-2013,6.3
23-09-2013,6.33
24-09-2013,6.41
25-09-2013,6.45
26-09-2013,6.48
27-09-2013,6.48
30-09-2013,6.53
01-10-2013,6.23
02-10-2013,5.85
03-10-2013,5.83
04-10-2013,5.36
07-10-2013,4.71
08-10-2013,4.74
09-10-2013,5.98
10-10-2013,6.04
11-10-2013,6.14
14-10-2013,6.36
15-10-2013,6.17
16-10-2013,6.11
17-10-2013,6.04
18-10-2013,5.98
21-10-2013,6.1
22-10-2013,6.13
23-10-2013,5.99
24-10-2013,6.0
25-10-2013,6.23
28-10-2013,6.46
29-10-2013,6.37
30-10-2013,6.37
31-10-2013,6.34
01-11-2013,6.26
05-11-2013,6.25
06-11-2013,6.28
07-11-2013,6.24
08-11-2013,5.36
11-11-2013,5.51
12-11-2013,5.83
13-11-2013,5.9
14-11-2013,6.0
15-11-2013,5.97
18-11-2013,6.03
19-11-2013,6.01
20-11-2013,6.01
21-11-2013,6.14
22-11-2013,6.25
25-11-2013,6.41
26-11-2013,6.47
27-11-2013,6.36
28-11-2013,6.5
29-11-2013,6.51
02-12-2013,6.45
03-12-2013,6.42
04-12-2013,6.05
05-12-2013,6.43
06-12-2013,6.38
09-12-2013,6.28
10-12-2013,6.49
11-12-2013,6.47
12-12-2013,6.31
13-12-2013,6.36
16-12-2013,6.52
17-12-2013,6.49
18-12-2013,6.52
19-12-2013,6.51
20-12-2013,6.6
23-12-2013,6.55
24-12-2013,6.39
25-12-2013,6.48
26-12-2013,6.58
27-12-2013,6.5
30-12-2013,6.24
09-01-2014,5.51
10-01-2014,5.84
13-01-2014,6.31
14-01-2014,5.69
15-01-2014,5.6
16-01-2014,5.68
17-01-2014,5.94
20-01-2014,6.03
21-01-2014,6.18
22-01-2014,6.32
23-01-2014,6.19
24-01-2014,6.1
27-01-2014,6.29
28-01-2014,6.23
29-01-2014,6.27
30-01-2014,6.33
31-01-2014,6.29
03-02-2014,6.27
04-02-2014,6.22
05-02-2014,5.83
06-02-2014,5.56
07-02-2014,4.87
10-02-2014,5.5
11-02-2014,6.07
12-02-2014,5.87
13-02-2014,5.56
14-02-2014,5.83
17-02-2014,6.14
18-02-2014,6.07
19-02-2014,6.0
20-02-2014,6.02
21-02-2014,6.25
24-02-2014,5.99
25-02-2014,6.38
26-02-2014,6.29
27-02-2014,6.23
28-02-2014,6.32
03-03-2014,7.44
04-03-2014,7.7
05-03-2014,7.7
06-03-2014,7.68
07-03-2014,7.64
11-03-2014,7.94
12-03-2014,7.95
13-03-2014,7.93
14-03-2014,7.53
17-03-2014,7.6
18-03-2014,7.77
19-03-2014,7.84
20-03-2014,7.94
21-03-2014,7.92
24-03-2014,7.84
25-03-2014,8.03
26-03-2014,7.97
27-03-2014,8.0
28-03-2014,8.04
31-03-2014,8.15
01-04-2014,7.95
02-04-2014,7.75
03-04-2014,7.76
04-04-2014,7.66
07-04-2014,7.67
08-04-2014,7.64
09-04-2014,6.5
10-04-2014,7.34
11-04-2014,7.58
14-04-2014,7.76
15-04-2014,7.78
16-04-2014,7.76
17-04-2014,7.8
18-04-2014,7.84
21-04-2014,7.9
22-04-2014,7.85
23-04-2014,7.88
24-04-2014,7.84
25-04-2014,8.09
28-04-2014,8.48
29-04-2014,8.55
30-04-2014,8.69
05-05-2014,8.47
06-05-2014,8.46
07-05-2014,7.98
08-05-2014,7.03
12-05-2014,8.32
13-05-2014,8.24
14-05-2014,8.2
15-05-2014,8.27
16-05-2014,8.36
19-05-2014,8.42
20-05-2014,8.46
21-05-2014,8.3
22-05-2014,8.25
23-05-2014,7.55
26-05-2014,8.11
27-05-2014,7.94
28-05-2014,8.08
29-05-2014,8.27
30-05-2014,8.19
02-06-2014,7.68
03-06-2014,7.35
04-06-2014,7.56
05-06-2014,7.82
06-06-2014,7.96
09-06-2014,8.41
10-06-2014,8.35
11-06-2014,8.35
16-06-2014,8.4
17-06-2014,8.38
18-06-2014,8.34
19-06-2014,8.21
20-06-2014,8.29
23-06-2014,8.21
24-06-2014,8.2
25-06-2014,8.47
26-06-2014,8.45
27-06-2014,8.4
30-06-2014,8.63
01-07-2014,8.17
02-07-2014,7.96
03-07-2014,7.36
04-07-2014,7.24
07-07-2014,7.73
08-07-2014,7.47
09-07-2014,6.87
10-07-2014,7.94
11-07-2014,8.35
14-07-2014,8.36
15-07-2014,8.5
16-07-2014,8.2
17-07-2014,8.12
18-07-2014,8.41
21-07-2014,8.6
22-07-2014,8.41
23-07-2014,8.23
24-07-2014,8.05
25-07-2014,8.39
28-07-2014,8.96
29-07-2014,8.77
30-07-2014,8.64
31-07-2014,8.1
01-08-2014,7.46
04-08-2014,7.26
05-08-2014,7.24
06-08-2014,7.39
07-08-2014,7.33
08-08-2014,7.46
11-08-2014,8.24
12-08-2014,8.12
13-08-2014,7.82
14-08-2014,7.48
15-08-2014,7.43
18-08-2014,7.89
19-08-2014,8.36
20-08-2014,8.2
21-08-2014,8.01
22-08-2014,8.09
25-08-2014,8.38
26-08-2014,8.36
27-08-2014,8.18
28-08-2014,8.08
29-08-2014,8.11
01-09-2014,8.13
02-09-2014,8.02
03-09-2014,7.78
04-09-2014,7.56
05-09-2014,7.41
08-09-2014,7.26
09-09-2014,7.25
10-09-2014,7.73
11-09-2014,7.98
12-09-2014,8.1
15-09-2014,8.19
16-09-2014,8.57
17-09-2014,8.84
18-09-2014,8.16
19-09-2014,7.91
22-09-2014,8.12
23-09-2014,7.96
24-09-2014,7.83
25-09-2014,7.95
26-09-2014,8.03
29-09-2014,7.91
30-09-2014,8.08
01-10-2014,7.9
02-10-2014,7.71
03-10-2014,7.3
06-10-2014,7.23
07-10-2014,7.25
08-10-2014,7.41
09-10-2014,7.5
10-10-2014,8.04
13-10-2014,8.15
14-10-2014,8.45
15-10-2014,8.53
16-10-2014,8.59
17-10-2014,8.42
20-10-2014,8.64
21-10-2014,8.62
22-10-2014,8.44
23-10-2014,8.63
24-10-2014,8.55
27-10-2014,8.64
28-10-2014,8.73
29-10-2014,8.77
30-10-2014,8.73
31-10-2014,9.06
05-11-2014,10.39
06-11-2014,10.22
07-11-2014,9.82
10-11-2014,10.02
11-11-2014,9.86
12-11-2014,10.18
13-11-2014,9.9
14-11-2014,9.69
17-11-2014,9.94
18-11-2014,9.89
19-11-2014,10.03
20-11-2014,10.22
21-11-2014,10.6
24-11-2014,10.66
25-11-2014,10.93
26-11-2014,10.57
27-11-2014,10.46
28-11-2014,10.69
01-12-2014,10.33
02-12-2014,9.88
03-12-2014,9.42
04-12-2014,9.41
05-12-2014,9.73
08-12-2014,10.18
09-12-2014,10.33
10-12-2014,10.64
11-12-2014,11.5
12-12-2014,11.62
15-12-2014,11.84
16-12-2014,18.69
17-12-2014,23.62
18-12-2014,28.65
19-12-2014,24.3
22-12-2014,23.36
23-12-2014,19.93
24-12-2014,18.37
25-12-2014,16.75
26-12-2014,16.97
29-12-2014,16.96
30-12-2014,17.39
12-01-2015,17.55
13-01-2015,17.19
14-01-2015,17.07
15-01-2015,17.1
16-01-2015,16.93
19-01-2015,16.96
20-01-2015,16.97
21-01-2015,16.91
22-01-2015,16.85
23-01-2015,16.81
26-01-2015,16.86
27-01-2015,16.97
28-01-2015,16.8
29-01-2015,16.74
30-01-2015,16.63
02-02-2015,14.95
03-02-2015,14.85
04-02-2015,14.82
05-02-2015,14.59
06-02-2015,14.58
09-02-2015,14.85
10-02-2015,15.47
11-02-2015,15.34
12-02-2015,15.24
13-02-2015,15.23
16-02-2015,15.15
17-02-2015,15.42
18-02-2015,14.98
19-02-2015,15.0
20-02-2015,15.01
24-02-2015,14.99
25-02-2015,15.47
26-02-2015,15.54
27-02-2015,15.49
02-03-2015,15.7
03-03-2015,15.5
04-03-2015,15.59
05-03-2015,15.49
06-03-2015,14.56
10-03-2015,15.5
11-03-2015,15.18
12-03-2015,14.71
13-03-2015,14.33
16-03-2015,14.05
17-03-2015,14.34
18-03-2015,14.76
19-03-2015,14.75
20-03-2015,14.51
23-03-2015,14.45
24-03-2015,14.5
25-03-2015,14.7
26-03-2015,14.69
27-03-2015,14.73
30-03-2015,14.63
31-03-2015,14.66
01-04-2015,14.27
02-04-2015,14.26
03-04-2015,14.16
06-04-2015,14.01
07-04-2015,13.75
08-04-2015,13.73
09-04-2015,13.55
10-04-2015,14.24
13-04-2015,14.71
14-04-2015,14.74
15-04-2015,14.77
16-04-2015,14.85
17-04-2015,14.78
20-04-2015,14.99
21-04-2015,14.97
22-04-2015,14.47
23-04-2015,13.51
24-04-2015,14.0
27-04-2015,14.6
28-04-2015,14.57
29-04-2015,14.8
30-04-2015,14.45
05-05-2015,13.11
06-05-2015,12.81
07-05-2015,12.21
08-05-2015,11.74
12-05-2015,12.79
13-05-2015,13.08
14-05-2015,13.15
15-05-2015,13.23
18-05-2015,13.27
19-05-2015,13.19
20-05-2015,12.43
21-05-2015,12.01
22-05-2015,12.26
25-05-2015,12.78
26-05-2015,13.03
27-05-2015,13.03
28-05-2015,12.99
29-05-2015,13.19
01-06-2015,12.8
02-06-2015,12.52
03-06-2015,12.74
04-06-2015,13.25
05-06-2015,13.06
08-06-2015,13.1
09-06-2015,13.12
10-06-2015,13.03
11-06-2015,12.69
15-06-2015,12.75
16-06-2015,12.06
17-06-2015,12.17
18-06-2015,12.18
19-06-2015,12.03
22-06-2015,12.05
23-06-2015,11.99
24-06-2015,11.86
25-06-2015,12.12
26-06-2015,12.26
29-06-2015,12.3
30-06-2015,12.4
01-07-2015,12.13
02-07-2015,11.84
03-07-2015,11.39
06-07-2015,10.91
07-07-2015,10.65
08-07-2015,10.59
09-07-2015,10.73
10-07-2015,11.54
13-07-2015,11.93
14-07-2015,11.92
15-07-2015,12.04
16-07-2015,12.14
17-07-2015,12.25
20-07-2015,12.14
21-07-2015,12.17
22-07-2015,11.53
23-07-2015,10.95
24-07-2015,10.97
27-07-2015,11.55
28-07-2015,11.56
29-07-2015,11.22
30-07-2015,10.97
31-07-2015,11.19
03-08-2015,10.45
04-08-2015,10.17
05-08-2015,10.16
06-08-2015,10.21
07-08-2015,10.3
10-08-2015,10.45
11-08-2015,10.59
12-08-2015,10.59
13-08-2015,10.88
14-08-2015,11.17
17-08-2015,11.1
18-08-2015,11.18
19-08-2015,11.08
20-08-2015,11.01
21-08-2015,10.99
24-08-2015,11.0
25-08-2015,11.11
26-08-2015,11.21
27-08-2015,11.21
28-08-2015,11.06
31-08-2015,11.04
01-09-2015,10.91
02-09-2015,10.58
03-09-2015,10.64
04-09-2015,10.6
07-09-2015,10.4
08-09-2015,10.4
09-09-2015,10.39
10-09-2015,10.5
11-09-2015,11.03
14-09-2015,11.57
15-09-2015,11.68
16-09-2015,11.62
17-09-2015,11.42
18-09-2015,11.4
21-09-2015,11.54
22-09-2015,11.61
23-09-2015,11.13
24-09-2015,11.01
25-09-2015,11.45
28-09-2015,11.43
29-09-2015,11.38
30-09-2015,11.45
01-10-2015,11.26
02-10-2015,11.41
05-10-2015,10.8
06-10-2015,10.3
07-10-2015,10.3
08-10-2015,10.48
09-10-2015,10.46
12-10-2015,11.01
13-10-2015,11.38
14-10-2015,11.39
15-10-2015,11.33
16-10-2015,11.47
19-10-2015,11.34
20-10-2015,11.35
21-10-2015,11.38
22-10-2015,11.36
23-10-2015,11.4
26-10-2015,11.5
27-10-2015,11.35
28-10-2015,11.42
29-10-2015,11.42
30-10-2015,11.46
02-11-2015,11.33
03-11-2015,11.32
05-11-2015,11.25
06-11-2015,11.39
09-11-2015,10.88
10-11-2015,11.43
11-11-2015,11.32
12-11-2015,11.6
13-11-2015,11.55
16-11-2015,11.62
17-11-2015,11.68
18-11-2015,11.68
19-11-2015,11.67
20-11-2015,11.64
23-11-2015,11.5
24-11-2015,11.61
25-11-2015,11.19
26-11-2015,11.48
27-11-2015,11.45
30-11-2015,11.32
01-12-2015,11.19
02-12-2015,11.11
03-12-2015,10.92
04-12-2015,11.0
07-12-2015,11.56
08-12-2015,11.78
09-12-2015,11.3
10-12-2015,11.64
11-12-2015,11.54
14-12-2015,11.54
15-12-2015,11.46
16-12-2015,11.17
17-12-2015,11.34
18-12-2015,11.29
21-12-2015,11.2
22-12-2015,11.06
23-12-2015,10.99
24-12-2015,10.83
25-12-2015,11.08
28-12-2015,10.95
29-12-2015,11.01
30-12-2015,10.52
11-01-2016,10.85
12-01-2016,10.95
13-01-2016,11.01
14-01-2016,11.06
15-01-2016,11.02
18-01-2016,11.09
19-01-2016,11.08
20-01-2016,11.1
21-01-2016,11.03
22-01-2016,11.06
25-01-2016,11.17
26-01-2016,11.12
27-01-2016,11.2
28-01-2016,11.11
29-01-2016,11.07
01-02-2016,10.88
02-02-2016,10.72
03-02-2016,10.99
04-02-2016,11.01
05-02-2016,10.8
08-02-2016,10.62
09-02-2016,10.62
10-02-2016,10.82
11-02-2016,10.71
12-02-2016,10.66
15-02-2016,10.7
16-02-2016,10.88
17-02-2016,11.16
18-02-2016,10.98
19-02-2016,11.03
20-02-2016,10.87
24-02-2016,11.0
25-02-2016,11.05
26-02-2016,11.13
29-02-2016,10.93
01-03-2016,10.93
02-03-2016,10.9
03-03-2016,11.05
04-03-2016,10.79
09-03-2016,10.91
10-03-2016,10.86
11-03-2016,10.83
14-03-2016,11.07
15-03-2016,11.1
16-03-2016,10.89
17-03-2016,10.91
18-03-2016,10.7
21-03-2016,10.65
22-03-2016,10.56
23-03-2016,10.54
24-03-2016,10.79
25-03-2016,11.13
28-03-2016,11.31
29-03-2016,11.16
30-03-2016,11.22
31-03-2016,11.29
01-04-2016,10.95
04-04-2016,10.46
05-04-2016,10.45
06-04-2016,10.71
07-04-2016,10.83
08-04-2016,10.9
11-04-2016,10.75
12-04-2016,10.71
13-04-2016,10.63
14-04-2016,10.76
15-04-2016,10.94
18-04-2016,11.02
19-04-2016,11.0
20-04-2016,10.57
21-04-2016,10.32
22-04-2016,10.31
25-04-2016,10.65
26-04-2016,10.53
27-04-2016,10.54
28-04-2016,10.84
29-04-2016,11.09
04-05-2016,11.04
05-05-2016,10.96
06-05-2016,10.45
10-05-2016,10.28
11-05-2016,10.38
12-05-2016,11.0
13-05-2016,11.1
16-05-2016,11.42
17-05-2016,11.05
18-05-2016,11.11
19-05-2016,11.15
20-05-2016,11.24
23-05-2016,11.23
24-05-2016,11.32
25-05-2016,11.32
26-05-2016,11.28
27-05-2016,11.31
30-05-2016,11.3
31-05-2016,11.24
01-06-2016,11.24
02-06-2016,11.24
03-06-2016,11.07
06-06-2016,10.81
07-06-2016,10.66
08-06-2016,10.95
09-06-2016,10.76
10-06-2016,10.65
14-06-2016,10.32
15-06-2016,10.51
16-06-2016,10.36
17-06-2016,10.33
20-06-2016,10.42
21-06-2016,10.26
22-06-2016,10.27
23-06-2016,10.14
24-06-2016,9.95
27-06-2016,10.43
28-06-2016,10.48
29-06-2016,10.38
30-06-2016,10.41
01-07-2016,10.18
04-07-2016,9.93
05-07-2016,9.97
06-07-2016,10.16
07-07-2016,10.27
08-07-2016,10.3
11-07-2016,10.2
12-07-2016,10.31
13-07-2016,10.37
14-07-2016,10.31
15-07-2016,10.17
18-07-2016,10.44
19-07-2016,10.38
20-07-2016,10.37
21-07-2016,10.41
22-07-2016,10.08
25-07-2016,10.3
26-07-2016,10.47
27-07-2016,10.37
28-07-2016,10.46
29-07-2016,10.34
01-08-2016,10.17
02-08-2016,9.97
03-08-2016,10.33
04-08-2016,10.33
05-08-2016,10.36
08-08-2016,10.37
09-08-2016,10.39
10-08-2016,10.38
11-08-2016,10.37
12-08-2016,10.39
15-08-2016,10.33
16-08-2016,10.35
17-08-2016,10.28
18-08-2016,10.35
19-08-2016,10.28
22-08-2016,10.3
23-08-2016,10.2
24-08-2016,10.07
25-08-2016,10.28
26-08-2016,10.35
29-08-2016,10.29
30-08-2016,10.26
31-08-2016,10.3
01-09-2016,10.25
02-09-2016,10.28
05-09-2016,10.31
06-09-2016,10.31
07-09-2016,10.21
08-09-2016,10.25
09-09-2016,10.26
12-09-2016,10.4
13-09-2016,10.38
14-09-2016,10.5
15-09-2016,10.65
16-09-2016,10.62
19-09-2016,10.18
20-09-2016,10.17
21-09-2016,9.8
22-09-2016,9.71
23-09-2016,9.66
26-09-2016,9.98
27-09-2016,10.01
28-09-2016,10.28
29-09-2016,10.5
30-09-2016,10.55
03-10-2016,9.98
04-10-2016,10.21
05-10-2016,10.18
06-10-2016,10.27
07-10-2016,10.32
10-10-2016,10.46
11-10-2016,10.5
12-10-2016,10.43
13-10-2016,10.5
14-10-2016,10.47
17-10-2016,10.44
18-10-2016,10.45
19-10-2016,10.47
20-10-2016,10.35
21-10-2016,10.33
24-10-2016,10.17
25-10-2016,10.32
26-10-2016,10.17
27-10-2016,10.16
28-10-2016,10.23
31-10-2016,10.36
01-11-2016,10.04
02-11-2016,9.75
03-11-2016,9.5
07-11-2016,9.22
08-11-2016,9.37
09-11-2016,10.01
10-11-2016,10.05
11-11-2016,10.03
14-11-2016,10.2
15-11-2016,10.18
16-11-2016,10.09
17-11-2016,10.14
18-11-2016,10.1
21-11-2016,10.19
22-11-2016,10.08
23-11-2016,9.97
24-11-2016,10.1
25-11-2016,10.21
28-11-2016,10.41
29-11-2016,10.17
30-11-2016,10.09
01-12-2016,9.98
02-12-2016,10.16
05-12-2016,10.22
06-12-2016,10.13
07-12-2016,10.13
08-12-2016,10.19
09-12-2016,10.21
12-12-2016,10.16
13-12-2016,10.18
14-12-2016,10.17
15-12-2016,10.04
16-12-2016,9.98
19-12-2016,10.12
20-12-2016,10.14
21-12-2016,10.14
22-12-2016,10.18
23-12-2016,10.08
26-12-2016,10.25
27-12-2016,10.36
28-12-2016,10.47
29-12-2016,10.5
09-01-2017,10.13
10-01-2017,9.93
11-01-2017,9.97
12-01-2017,9.93
13-01-2017,10.06
16-01-2017,10.22
17-01-2017,10.21
18-01-2017,10.26
19-01-2017,10.19
20-01-2017,10.1
23-01-2017,9.82
24-01-2017,9.82
25-01-2017,10.23
26-01-2017,10.38
27-01-2017,10.33
30-01-2017,10.27
31-01-2017,10.24
01-02-2017,10.24
02-02-2017,10.13
03-02-2017,9.96
06-02-2017,9.77
07-02-2017,9.9
08-02-2017,10.24
09-02-2017,10.25
10-02-2017,10.3
13-02-2017,10.21
14-02-2017,10.18
15-02-2017,10.45
16-02-2017,10.39
17-02-2017,10.32
20-02-2017,10.15
21-02-2017,10.17
22-02-2017,10.08
27-02-2017,10.15
28-02-2017,10.0
01-03-2017,9.99
02-03-2017,9.85
03-03-2017,9.74
06-03-2017,9.68
07-03-2017,9.53
09-03-2017,9.94
10-03-2017,9.92
13-03-2017,9.91
14-03-2017,10.02
15-03-2017,10.02
16-03-2017,9.94
17-03-2017,9.94
20-03-2017,10.02
21-03-2017,10.0
22-03-2017,9.95
23-03-2017,9.98
24-03-2017,9.74
27-03-2017,9.77
28-03-2017,9.8
29-03-2017,10.0
30-03-2017,10.03
31-03-2017,9.82
03-04-2017,9.88
04-04-2017,9.71
05-04-2017,9.35
06-04-2017,9.29
07-04-2017,9.3
10-04-2017,9.38
11-04-2017,9.23
12-04-2017,9.57
13-04-2017,9.54
14-04-2017,9.62
17-04-2017,9.61
18-04-2017,9.57
19-04-2017,9.58
20-04-2017,9.61
21-04-2017,9.55
24-04-2017,9.52
25-04-2017,9.77
26-04-2017,9.61
27-04-2017,9.59
28-04-2017,9.71
02-05-2017,9.11
03-05-2017,9.4
04-05-2017,9.52
05-05-2017,9.42
10-05-2017,9.27
11-05-2017,9.02
12-05-2017,8.99
15-05-2017,9.0
16-05-2017,8.86
17-05-2017,9.05
18-05-2017,9.08
19-05-2017,9.1
22-05-2017,8.93
23-05-2017,8.99
24-05-2017,8.85
25-05-2017,9.12
26-05-2017,9.07
29-05-2017,9.27
30-05-2017,9.18
31-05-2017,9.15
01-06-2017,9.19
02-06-2017,9.2
05-06-2017,9.45
06-06-2017,9.61
07-06-2017,9.14
08-06-2017,9.08
09-06-2017,9.07
13-06-2017,9.07
14-06-2017,9.19
15-06-2017,9.26
16-06-2017,9.27
19-06-2017,9.02
20-06-2017,9.03
21-06-2017,8.99
22-06-2017,8.77
23-06-2017,8.64
26-06-2017,8.9
27-06-2017,9.05
28-06-2017,9.09
29-06-2017,9.15
30-06-2017,9.09
03-07-2017,9.03
04-07-2017,9.02
05-07-2017,9.0
06-07-2017,9.02
07-07-2017,8.98
10-07-2017,8.64
11-07-2017,8.48
12-07-2017,8.79
13-07-2017,8.82
14-07-2017,8.75
17-07-2017,8.96
18-07-2017,8.86
19-07-2017,8.91
20-07-2017,8.95
21-07-2017,8.96
24-07-2017,8.94
25-07-2017,8.93
26-07-2017,9.05
27-07-2017,9.13
28-07-2017,9.17
31-07-2017,9.24
01-08-2017,8.9
02-08-2017,8.7
03-08-2017,8.64
04-08-2017,8.34
07-08-2017,8.24
08-08-2017,8.22
09-08-2017,8.63
10-08-2017,8.44
11-08-2017,8.35
14-08-2017,8.25
15-08-2017,8.33
16-08-2017,8.5
17-08-2017,8.51
18-08-2017,8.52
21-08-2017,8.56
22-08-2017,8.57
23-08-2017,8.4
24-08-2017,8.37
25-08-2017,8.53
28-08-2017,8.58
29-08-2017,8.55
30-08-2017,8.56
31-08-2017,8.71
01-09-2017,8.78
04-09-2017,8.94
05-09-2017,8.58
06-09-2017,8.49
07-09-2017,8.46
08-09-2017,8.42
11-09-2017,8.44
12-09-2017,8.19
13-09-2017,8.24
14-09-2017,8.61
15-09-2017,8.69
18-09-2017,7.96
19-09-2017,8.04
20-09-2017,8.0
21-09-2017,8.02
22-09-2017,7.99
25-09-2017,8.05
26-09-2017,7.98
27-09-2017,8.21
28-09-2017,8.47
29-09-2017,8.49
02-10-2017,8.25
03-10-2017,8.22
04-10-2017,7.99
05-10-2017,7.95
06-10-2017,8.3
09-10-2017,8.37
10-10-2017,8.26
11-10-2017,7.92
12-10-2017,8.18
13-10-2017,8.16
16-10-2017,8.2
17-10-2017,7.95
18-10-2017,7.87
19-10-2017,7.85
20-10-2017,7.73
23-10-2017,7.98
24-10-2017,7.78
25-10-2017,7.86
26-10-2017,7.99
27-10-2017,7.82
30-10-2017,8.11
31-10-2017,8.02
01-11-2017,8.1
02-11-2017,8.23
03-11-2017,7.98
07-11-2017,7.74
08-11-2017,7.76
09-11-2017,7.74
10-11-2017,7.83
13-11-2017,7.86
14-11-2017,7.92
15-11-2017,7.98
16-11-2017,7.99
17-11-2017,7.99
20-11-2017,8.0
21-11-2017,7.98
22-11-2017,7.96
23-11-2017,7.95
24-11-2017,7.97
27-11-2017,8.03
28-11-2017,8.2
29-11-2017,8.28
30-11-2017,8.24
01-12-2017,8.21
04-12-2017,7.83
05-12-2017,8.07
06-12-2017,8.07
07-12-2017,8.11
08-12-2017,8.09
11-12-2017,7.98
12-12-2017,7.99
13-12-2017,7.97
14-12-2017,7.85
15-12-2017,7.9
18-12-2017,7.54
19-12-2017,7.48
20-12-2017,7.5
21-12-2017,7.5
22-12-2017,7.54
25-12-2017,7.84
26-12-2017,7.58
27-12-2017,7.41
28-12-2017,7.19
09-01-2018,6.88
10-01-2018,7.16
11-01-2018,7.04
12-01-2018,7.0
15-01-2018,7.0
16-01-2018,7.02
17-01-2018,6.98
18-01-2018,7.07
19-01-2018,7.01
22-01-2018,7.01
23-01-2018,6.95
24-01-2018,6.93
25-01-2018,7.21
26-01-2018,7.25
29-01-2018,7.35
30-01-2018,7.37
31-01-2018,7.12
01-02-2018,7.26
02-02-2018,7.09
05-02-2018,7.19
06-02-2018,7.23
07-02-2018,7.07
08-02-2018,7.06
09-02-2018,6.99
12-02-2018,6.78
13-02-2018,6.83
14-02-2018,6.96
15-02-2018,7.08
16-02-2018,7.21
19-02-2018,7.28
20-02-2018,7.28
21-02-2018,7.29
22-02-2018,7.23
26-02-2018,7.3
27-02-2018,7.45
28-02-2018,7.5
01-03-2018,7.38
02-03-2018,7.16
05-03-2018,7.25
06-03-2018,7.11
07-03-2018,7.18
12-03-2018,7.31
13-03-2018,7.31
14-03-2018,7.31
15-03-2018,7.28
16-03-2018,7.15
19-03-2018,7.14
20-03-2018,7.16
21-03-2018,7.04
22-03-2018,7.12
23-03-2018,6.9
26-03-2018,7.15
27-03-2018,7.08
28-03-2018,6.88
29-03-2018,7.0
30-03-2018,7.19
02-04-2018,7.07
03-04-2018,6.98
04-04-2018,6.94
05-04-2018,7.01
06-04-2018,7.06
09-04-2018,7.07
10-04-2018,7.24
11-04-2018,7.0
12-04-2018,6.99
13-04-2018,6.99
16-04-2018,7.01
17-04-2018,7.01
18-04-2018,7.1
19-04-2018,7.02
20-04-2018,7.03
23-04-2018,6.8
24-04-2018,6.8
25-04-2018,6.91
26-04-2018,7.05
27-04-2018,7.0
28-04-2018,7.07
03-05-2018,7.0
04-05-2018,6.84
07-05-2018,6.7
08-05-2018,6.47
10-05-2018,6.79
11-05-2018,6.77
14-05-2018,6.87
15-05-2018,6.98
16-05-2018,7.04
17-05-2018,7.1
18-05-2018,7.15
21-05-2018,7.05
22-05-2018,7.05
23-05-2018,6.98
24-05-2018,6.84
25-05-2018,6.98
28-05-2018,7.07
29-05-2018,7.08
30-05-2018,7.12
31-05-2018,7.1
01-06-2018,6.96
04-06-2018,6.71
05-06-2018,6.75
06-06-2018,7.0
07-06-2018,7.0
08-06-2018,7.0
09-06-2018,6.76
13-06-2018,6.99
14-06-2018,7.0
15-06-2018,6.98
18-06-2018,7.01
19-06-2018,7.0
20-06-2018,6.99
21-06-2018,6.96
22-06-2018,6.96
25-06-2018,7.11
26-06-2018,7.27
27-06-2018,7.21
28-06-2018,7.13
29-06-2018,7.16
02-07-2018,7.01
03-07-2018,6.72
04-07-2018,7.02
05-07-2018,7.0
06-07-2018,6.73
09-07-2018,6.64
10-07-2018,7.03
11-07-2018,7.06
12-07-2018,7.09
13-07-2018,7.13
16-07-2018,7.14
17-07-2018,7.19
18-07-2018,7.05
19-07-2018,7.09
20-07-2018,7.01
23-07-2018,6.76
24-07-2018,6.8
25-07-2018,7.0
26-07-2018,7.19
27-07-2018,7.71
30-07-2018,7.72
31-07-2018,7.74
01-08-2018,7.04
02-08-2018,6.97
03-08-2018,6.88
06-08-2018,6.86
07-08-2018,6.85
08-08-2018,7.02
09-08-2018,7.1
10-08-2018,7.15
13-08-2018,7.14
14-08-2018,7.18
15-08-2018,7.09
16-08-2018,7.08
17-08-2018,6.95
20-08-2018,6.97
21-08-2018,6.91
22-08-2018,6.96
23-08-2018,6.73
24-08-2018,6.97
27-08-2018,7.22
28-08-2018,7.26
29-08-2018,7.18
30-08-2018,7.14
31-08-2018,7.14
03-09-2018,7.15
04-09-2018,7.17
05-09-2018,7.0
06-09-2018,6.87
07-09-2018,6.97
10-09-2018,6.98
11-09-2018,7.01
12-09-2018,6.81
13-09-2018,7.0
14-09-2018,7.02
17-09-2018,7.24
18-09-2018,7.24
19-09-2018,7.01
20-09-2018,7.29
21-09-2018,7.23
24-09-2018,7.22
25-09-2018,7.47
26-09-2018,7.24
27-09-2018,7.23
28-09-2018,7.4
01-10-2018,7.27
02-10-2018,7.25
03-10-2018,7.36
04-10-2018,7.42
05-10-2018,7.53
08-10-2018,7.36
09-10-2018,7.06
10-10-2018,7.16
11-10-2018,7.32
12-10-2018,7.33
15-10-2018,7.35
16-10-2018,7.27
17-10-2018,7.29
18-10-2018,7.41
19-10-2018,7.36
22-10-2018,7.16
23-10-2018,7.1
24-10-2018,7.05
25-10-2018,7.32
26-10-2018,7.25
29-10-2018,7.2
30-10-2018,7.12
31-10-2018,7.06
01-11-2018,6.86
02-11-2018,7.28
06-11-2018,7.5
07-11-2018,7.35
08-11-2018,7.34
09-11-2018,7.37
12-11-2018,7.43
13-11-2018,7.39
14-11-2018,7.15
15-11-2018,7.01
16-11-2018,6.92
19-11-2018,7.01
20-11-2018,7.06
21-11-2018,7.12
22-11-2018,6.91
23-11-2018,7.07
26-11-2018,7.43
27-11-2018,7.57
28-11-2018,7.46
29-11-2018,7.29
30-11-2018,7.5
03-12-2018,7.28
04-12-2018,7.41
05-12-2018,7.41
06-12-2018,7.41
07-12-2018,7.38
10-12-2018,7.42
11-12-2018,7.43
12-12-2018,7.4
13-12-2018,7.38
14-12-2018,7.5
17-12-2018,7.57
18-12-2018,7.67
19-12-2018,7.68
20-12-2018,7.66
21-12-2018,7.66
24-12-2018,7.62
25-12-2018,7.62
26-12-2018,7.43
27-12-2018,7.55
28-12-2018,7.07
09-01-2019,7.59
10-01-2019,7.53
11-01-2019,7.53
14-01-2019,7.53
15-01-2019,7.53
16-01-2019,7.56
17-01-2019,7.58
18-01-2019,7.63
21-01-2019,7.62
22-01-2019,7.66
23-01-2019,7.56
24-01-2019,7.55
25-01-2019,7.71
28-01-2019,7.76
29-01-2019,7.78
30-01-2019,7.72
31-01-2019,7.62
01-02-2019,7.6
04-02-2019,7.5
05-02-2019,7.53
06-02-2019,7.58
07-02-2019,7.61
08-02-2019,7.6
11-02-2019,7.61
12-02-2019,7.48
13-02-2019,7.53
14-02-2019,7.34
15-02-2019,7.54
18-02-2019,7.56
19-02-2019,7.62
20-02-2019,7.54
21-02-2019,7.38
22-02-2019,7.2
25-02-2019,7.5
26-02-2019,7.49
27-02-2019,7.64
28-02-2019,7.54
01-03-2019,7.51
04-03-2019,7.59
05-03-2019,7.72
06-03-2019,7.73
07-03-2019,7.78
11-03-2019,7.69
12-03-2019,7.54
13-03-2019,7.53
14-03-2019,7.48
15-03-2019,7.5
18-03-2019,7.45
19-03-2019,7.46
20-03-2019,7.42
21-03-2019,7.44
22-03-2019,7.45
25-03-2019,7.81
26-03-2019,7.76
27-03-2019,7.63
28-03-2019,7.52
29-03-2019,7.81
01-04-2019,7.61
02-04-2019,7.61
03-04-2019,7.64
04-04-2019,7.72
05-04-2019,7.82
08-04-2019,7.64
09-04-2019,7.7
10-04-2019,7.64
11-04-2019,7.79
12-04-2019,7.89
15-04-2019,7.89
16-04-2019,7.98
17-04-2019,7.59
18-04-2019,7.59
19-04-2019,7.61
22-04-2019,7.45
23-04-2019,7.36
24-04-2019,7.32
25-04-2019,7.49
26-04-2019,7.56
29-04-2019,7.96
30-04-2019,7.96
06-05-2019,7.37
07-05-2019,7.5
08-05-2019,7.59
13-05-2019,7.76
14-05-2019,7.61
15-05-2019,7.65
16-05-2019,7.63
17-05-2019,7.68
20-05-2019,7.67
21-05-2019,7.63
22-05-2019,7.5
23-05-2019,7.48
24-05-2019,7.4
27-05-2019,7.6
28-05-2019,7.84
29-05-2019,7.81
30-05-2019,8.06
31-05-2019,7.89
03-06-2019,7.71
04-06-2019,7.56
05-06-2019,7.75
06-06-2019,7.73
07-06-2019,7.59
10-06-2019,7.54
11-06-2019,7.53
13-06-2019,7.5
14-06-2019,7.49
17-06-2019,7.41
18-06-2019,7.48
19-06-2019,7.49
20-06-2019,7.4
21-06-2019,7.41
24-06-2019,7.41
25-06-2019,7.51
26-06-2019,7.43
27-06-2019,7.5
28-06-2019,7.55
01-07-2019,7.39
02-07-2019,7.34
03-07-2019,7.28
04-07-2019,7.37
05-07-2019,7.14
08-07-2019,6.99
09-07-2019,7.2
10-07-2019,7.31
11-07-2019,7.25
12-07-2019,7.26
15-07-2019,7.26
16-07-2019,7.28
17-07-2019,7.28
18-07-2019,7.27
19-07-2019,7.27
22-07-2019,7.2
23-07-2019,7.23
24-07-2019,7.11
25-07-2019,7.23
26-07-2019,7.18
29-07-2019,7.15
30-07-2019,7.25
31-07-2019,7.3
01-08-2019,7.28
02-08-2019,7.18
05-08-2019,7.04
06-08-2019,7.04
07-08-2019,7.1
08-08-2019,7.08
09-08-2019,7.06
12-08-2019,7.04
13-08-2019,7.01
14-08-2019,7.02
15-08-2019,7.0
16-08-2019,7.05
19-08-2019,7.08
20-08-2019,7.05
21-08-2019,6.98
22-08-2019,6.98
23-08-2019,7.0
26-08-2019,7.41
27-08-2019,7.17
28-08-2019,7.11
29-08-2019,7.04
30-08-2019,7.13
02-09-2019,7.1
03-09-2019,7.13
04-09-2019,6.99
05-09-2019,6.83
06-09-2019,6.91
09-09-2019,6.75
10-09-2019,6.71
11-09-2019,6.78
12-09-2019,6.84
13-09-2019,6.74
16-09-2019,6.73
17-09-2019,6.79
18-09-2019,6.74
19-09-2019,6.88
20-09-2019,6.69
23-09-2019,6.69
24-09-2019,6.63
25-09-2019,6.97
26-09-2019,6.79
27-09-2019,6.8
30-09-2019,6.89
01-10-2019,6.85
02-10-2019,6.81
03-10-2019,6.79
04-10-2019,6.82
07-10-2019,7.16
08-10-2019,6.82
09-10-2019,6.86
10-10-2019,6.78
11-10-2019,6.8
14-10-2019,6.75
15-10-2019,6.83
16-10-2019,6.81
17-10-2019,6.79
18-10-2019,6.77
21-10-2019,6.77
22-10-2019,6.61
23-10-2019,6.62
24-10-2019,6.63
25-10-2019,6.75
28-10-2019,6.71
29-10-2019,6.76
30-10-2019,6.56
31-10-2019,6.6
01-11-2019,6.35
05-11-2019,6.27
06-11-2019,6.53
07-11-2019,6.42
08-11-2019,6.4
11-11-2019,6.37
12-11-2019,6.43
13-11-2019,6.38
14-11-2019,6.39
15-11-2019,6.41
18-11-2019,6.43
19-11-2019,6.5
20-11-2019,6.49
21-11-2019,6.45
22-11-2019,6.49
25-11-2019,6.56
26-11-2019,6.51
27-11-2019,6.46
28-11-2019,6.49
29-11-2019,6.6
02-12-2019,6.6
03-12-2019,6.48
04-12-2019,6.46
05-12-2019,6.39
06-12-2019,6.24
09-12-2019,6.2
10-12-2019,6.12
11-12-2019,6.22
12-12-2019,6.04
13-12-2019,5.98
16-12-2019,5.9
17-12-2019,5.85
18-12-2019,5.89
19-12-2019,5.94
20-12-2019,6.04
23-12-2019,6.02
24-12-2019,6.07
25-12-2019,6.22
26-12-2019,6.18
27-12-2019,6.23
30-12-2019,6.23
09-01-2020,6.17
10-01-2020,6.15
13-01-2020,6.02
14-01-2020,5.87
15-01-2020,6.07
16-01-2020,5.95
17-01-2020,5.93
20-01-2020,5.91
21-01-2020,5.94
22-01-2020,6.0
23-01-2020,5.99
24-01-2020,5.95
27-01-2020,6.19
28-01-2020,6.15
29-01-2020,6.18
30-01-2020,6.14
31-01-2020,6.05
03-02-2020,6.01
04-02-2020,5.93
05-02-2020,6.01
06-02-2020,6.01
07-02-2020,6.04
10-02-2020,5.96
11-02-2020,5.87
12-02-2020,5.82
13-02-2020,5.83
14-02-2020,5.79
17-02-2020,5.8
18-02-2020,5.8
19-02-2020,5.84
20-02-2020,5.81
21-02-2020,5.82
25-02-2020,5.97
26-02-2020,5.97
27-02-2020,5.95
28-02-2020,6.32
02-03-2020,5.96
03-03-2020,5.95
04-03-2020,5.9
05-03-2020,5.87
06-03-2020,5.95
10-03-2020,5.87
11-03-2020,5.56
12-03-2020,5.63
13-03-2020,5.3
16-03-2020,5.32
17-03-2020,5.3
18-03-2020,5.42
19-03-2020,5.72
20-03-2020,5.9
23-03-2020,5.8
24-03-2020,5.88
25-03-2020,5.84
26-03-2020,5.91
27-03-2020,6.24
06-04-2020,5.89
07-04-2020,5.74
08-04-2020,5.76
09-04-2020,5.89
10-04-2020,5.96
13-04-2020,5.83
14-04-2020,5.91
15-04-2020,5.96
16-04-2020,6.01
17-04-2020,6.12
20-04-2020,6.11
21-04-2020,6.15
22-04-2020,6.16
23-04-2020,6.16
24-04-2020,5.85
27-04-2020,5.58
28-04-2020,5.71
29-04-2020,5.89
30-04-2020,5.76
06-05-2020,5.35
07-05-2020,5.34
08-05-2020,5.19
12-05-2020,5.45
13-05-2020,5.51
14-05-2020,5.37
15-05-2020,5.27
18-05-2020,5.28
19-05-2020,5.3
20-05-2020,5.36
21-05-2020,5.32
22-05-2020,5.34
25-05-2020,5.41
26-05-2020,5.46
27-05-2020,5.5
28-05-2020,5.52
29-05-2020,5.47
01-06-2020,5.42
02-06-2020,5.34
03-06-2020,5.33
04-06-2020,5.37
05-06-2020,5.32
08-06-2020,5.09
09-06-2020,5.27
10-06-2020,5.14
11-06-2020,5.12
15-06-2020,5.06
16-06-2020,5.03
17-06-2020,4.83
18-06-2020,4.75
19-06-2020,4.69
22-06-2020,4.39
23-06-2020,4.42
25-06-2020,4.52
26-06-2020,4.51
29-06-2020,4.51
30-06-2020,4.38
02-07-2020,4.22
03-07-2020,4.05
06-07-2020,4.11
07-07-2020,4.25
08-07-2020,4.3
09-07-2020,4.28
10-07-2020,4.34
13-07-2020,4.35
14-07-2020,4.32
15-07-2020,4.25
16-07-2020,4.13
17-07-2020,4.14
20-07-2020,4.12
21-07-2020,4.12
22-07-2020,4.11
23-07-2020,4.03
24-07-2020,3.96
27-07-2020,4.03
28-07-2020,4.11
29-07-2020,4.15
30-07-2020,4.24
31-07-2020,4.26
03-08-2020,3.92
04-08-2020,4.03
05-08-2020,4.1
06-08-2020,4.13
07-08-2020,4.17
10-08-2020,4.18
11-08-2020,4.18
12-08-2020,4.09
13-08-2020,4.08
14-08-2020,4.11
17-08-2020,4.11
18-08-2020,4.12
19-08-2020,4.1
20-08-2020,4.12
21-08-2020,4.1
24-08-2020,4.06
25-08-2020,4.16
26-08-2020,4.17
27-08-2020,4.15
28-08-2020,4.18
31-08-2020,4.1
01-09-2020,4.1
02-09-2020,4.12
03-09-2020,4.15
04-09-2020,4.13
07-09-2020,4.0
08-09-2020,4.38
09-09-2020,4.12
10-09-2020,4.11
11-09-2020,4.1
14-09-2020,4.12
15-09-2020,4.18
16-09-2020,4.2
17-09-2020,4.24
18-09-2020,4.2
21-09-2020,4.16
22-09-2020,4.19
23-09-2020,4.2
24-09-2020,4.14
25-09-2020,4.23
28-09-2020,4.21
29-09-2020,4.19
30-09-2020,4.19
01-10-2020,4.08
02-10-2020,3.9
05-10-2020,4.04
06-10-2020,4.0
07-10-2020,4.2
08-10-2020,4.2
09-10-2020,4.24
12-10-2020,4.25
13-10-2020,4.24
14-10-2020,4.22
15-10-2020,4.24
16-10-2020,4.27
19-10-2020,4.22
20-10-2020,4.24
21-10-2020,4.24
22-10-2020,4.23
23-10-2020,4.23
26-10-2020,4.24
27-10-2020,4.23
28-10-2020,4.26
29-10-2020,4.26
30-10-2020,4.26
02-11-2020,4.15
03-11-2020,4.09
05-11-2020,4.14
06-11-2020,4.08
09-11-2020,3.78
10-11-2020,3.79
11-11-2020,4.14
12-11-2020,4.17
13-11-2020,4.2
16-11-2020,4.15
17-11-2020,4.18
18-11-2020,4.1
19-11-2020,4.1
20-11-2020,4.08
23-11-2020,4.02
24-11-2020,4.01
25-11-2020,4.06
26-11-2020,4.07
27-11-2020,4.03
30-11-2020,4.07
01-12-2020,4.06
02-12-2020,4.02
03-12-2020,4.02
04-12-2020,4.01
07-12-2020,3.64
08-12-2020,3.58
09-12-2020,4.05
10-12-2020,4.11
11-12-2020,4.19
14-12-2020,4.17
15-12-2020,4.25
16-12-2020,4.32
17-12-2020,4.31
18-12-2020,4.27
21-12-2020,4.27
22-12-2020,4.28
23-12-2020,4.2
24-12-2020,4.2
25-12-2020,4.19
28-12-2020,4.24
29-12-2020,4.2
30-12-2020,4.27
11-01-2021,4.27
12-01-2021,4.18
13-01-2021,4.23
14-01-2021,4.24
15-01-2021,4.25
18-01-2021,4.3
19-01-2021,4.3
20-01-2021,4.31
21-01-2021,4.35
22-01-2021,4.27
25-01-2021,4.27
26-01-2021,4.35
27-01-2021,4.25
28-01-2021,4.27
29-01-2021,4.43
01-02-2021,4.23
02-02-2021,4.1
03-02-2021,4.0
04-02-2021,4.0
05-02-2021,3.73
08-02-2021,3.28
09-02-2021,4.16
10-02-2021,4.09
11-02-2021,4.02
12-02-2021,4.0
15-02-2021,3.94
16-02-2021,3.91
17-02-2021,4.0
18-02-2021,4.05
19-02-2021,4.02
20-02-2021,4.06
24-02-2021,4.06
25-02-2021,4.16
26-02-2021,4.18
01-03-2021,4.06
02-03-2021,4.01
03-03-2021,4.06
04-03-2021,4.07
05-03-2021,4.04
09-03-2021,4.35
10-03-2021,4.09
11-03-2021,4.11
12-03-2021,4.14
15-03-2021,4.13
16-03-2021,4.13
17-03-2021,4.12
18-03-2021,4.11
19-03-2021,4.14
22-03-2021,4.24
23-03-2021,4.22
24-03-2021,4.28
25-03-2021,4.41
26-03-2021,4.31
29-03-2021,4.45
30-03-2021,4.48
31-03-2021,4.45
01-04-2021,4.45
02-04-2021,4.38
05-04-2021,4.25
06-04-2021,4.12
07-04-2021,4.37
08-04-2021,4.45
09-04-2021,4.43
12-04-2021,4.46
13-04-2021,4.52
14-04-2021,4.46
15-04-2021,4.47
16-04-2021,4.45
19-04-2021,4.27
20-04-2021,4.37
21-04-2021,4.35
22-04-2021,4.36
23-04-2021,4.4
26-04-2021,4.81
27-04-2021,4.6
28-04-2021,4.85
29-04-2021,4.88
30-04-2021,4.84
04-05-2021,4.71
05-05-2021,4.53
06-05-2021,4.3
07-05-2021,4.23
11-05-2021,4.27
12-05-2021,4.75
13-05-2021,4.84
14-05-2021,4.97
17-05-2021,4.97
18-05-2021,4.97
19-05-2021,4.91
20-05-2021,4.81
21-05-2021,4.82
24-05-2021,4.77
25-05-2021,4.89
26-05-2021,4.9
27-05-2021,4.93
28-05-2021,4.97
31-05-2021,4.85
01-06-2021,4.77
02-06-2021,4.8
03-06-2021,4.74
04-06-2021,4.75
07-06-2021,4.38
08-06-2021,4.73
09-06-2021,5.0
10-06-2021,5.04
11-06-2021,5.2
15-06-2021,5.36
16-06-2021,5.36
17-06-2021,5.35
18-06-2021,5.34
21-06-2021,5.17
22-06-2021,5.18
23-06-2021,5.09
24-06-2021,5.1
25-06-2021,5.43
28-06-2021,5.46
29-06-2021,5.42
30-06-2021,5.28
01-07-2021,5.06
02-07-2021,5.11
05-07-2021,5.31
06-07-2021,5.27
07-07-2021,5.36
08-07-2021,5.41
09-07-2021,5.48
12-07-2021,5.5
13-07-2021,5.55
14-07-2021,5.6
15-07-2021,5.6
16-07-2021,5.71
19-07-2021,5.78
20-07-2021,5.85
21-07-2021,5.76
22-07-2021,5.7
23-07-2021,5.75
26-07-2021,6.25
27-07-2021,6.24
28-07-2021,6.61
29-07-2021,7.19
30-07-2021,6.76
02-08-2021,6.19
03-08-2021,5.61
04-08-2021,5.86
05-08-2021,5.75
06-08-2021,6.02
09-08-2021,6.22
10-08-2021,6.25
11-08-2021,6.24
12-08-2021,6.32
13-08-2021,6.39
16-08-2021,6.5
17-08-2021,6.7
18-08-2021,6.48
19-08-2021,6.46
20-08-2021,6.46
23-08-2021,6.4
24-08-2021,6.45
25-08-2021,6.51
26-08-2021,6.48
27-08-2021,6.47
30-08-2021,6.51
31-08-2021,6.48
01-09-2021,6.32
02-09-2021,6.05
03-09-2021,6.32
06-09-2021,6.27
07-09-2021,6.34
08-09-2021,6.44
09-09-2021,6.51
10-09-2021,6.69
13-09-2021,6.63
14-09-2021,6.67
15-09-2021,6.65
16-09-2021,6.7
17-09-2021,6.69
20-09-2021,6.75
21-09-2021,6.65
22-09-2021,6.59
23-09-2021,6.51
24-09-2021,6.56
27-09-2021,6.69
28-09-2021,6.75
29-09-2021,6.68
30-09-2021,6.78
01-10-2021,6.64
04-10-2021,6.63
05-10-2021,6.45
06-10-2021,6.41
07-10-2021,6.39
08-10-2021,6.33
11-10-2021,6.54
12-10-2021,6.28
13-10-2021,6.67
14-10-2021,6.78
15-10-2021,6.79
18-10-2021,6.9
19-10-2021,6.85
20-10-2021,6.86
21-10-2021,6.82
22-10-2021,7.0
25-10-2021,7.38
26-10-2021,7.3
27-10-2021,7.28
28-10-2021,7.33
29-10-2021,7.35
01-11-2021,7.11
02-11-2021,6.86
03-11-2021,7.09
08-11-2021,7.4
09-11-2021,7.5
10-11-2021,7.29
11-11-2021,7.32
12-11-2021,7.26
15-11-2021,7.32
16-11-2021,7.37
17-11-2021,7.44
18-11-2021,7.48
19-11-2021,7.39
22-11-2021,7.3
23-11-2021,7.3
24-11-2021,7.27
25-11-2021,7.49
26-11-2021,7.33
29-11-2021,7.36
30-11-2021,7.27
01-12-2021,6.93
02-12-2021,6.93
03-12-2021,7.16
06-12-2021,7.21
07-12-2021,7.24
08-12-2021,7.44
09-12-2021,7.49
10-12-2021,7.45
13-12-2021,7.4
14-12-2021,7.38
15-12-2021,7.36
16-12-2021,7.35
17-12-2021,7.5
20-12-2021,8.07
21-12-2021,7.79
22-12-2021,8.08
23-12-2021,7.77
24-12-2021,8.01
27-12-2021,8.15
28-12-2021,8.29
29-12-2021,8.13
10-01-2022,8.04
11-01-2022,8.06
12-01-2022,8.07
13-01-2022,8.09
14-01-2022,8.2
17-01-2022,8.29
18-01-2022,8.28
19-01-2022,8.25
20-01-2022,8.26
21-01-2022,8.29
24-01-2022,8.33
25-01-2022,8.42
26-01-2022,8.45
27-01-2022,8.47
28-01-2022,8.42
31-01-2022,8.28
01-02-2022,8.13
02-02-2022,8.17
03-02-2022,8.12
04-02-2022,8.01
07-02-2022,7.82
08-02-2022,8.25
09-02-2022,8.51
10-02-2022,8.71
11-02-2022,8.97
14-02-2022,9.36
15-02-2022,9.4
16-02-2022,9.5
17-02-2022,9.5
18-02-2022,9.54
21-02-2022,9.5
22-02-2022,9.64
24-02-2022,9.65
25-02-2022,10.0
28-02-2022,20.0
01-03-2022,20.51
02-03-2022,21.01
03-03-2022,20.29
04-03-2022,20.59
05-03-2022,20.44
09-03-2022,20.39
10-03-2022,21.21
11-03-2022,20.52
14-03-2022,20.41
15-03-2022,20.34
16-03-2022,20.02
17-03-2022,20.0
18-03-2022,19.83
21-03-2022,19.67
22-03-2022,19.5
23-03-2022,19.5
24-03-2022,19.52
25-03-2022,19.53
28-03-2022,19.49
29-03-2022,19.3
30-03-2022,19.4
31-03-2022,19.25
01-04-2022,19.25
04-04-2022,19.08
05-04-2022,19.05
06-04-2022,19.24
07-04-2022,19.25
08-04-2022,19.24
11-04-2022,16.28
12-04-2022,16.31
13-04-2022,16.25
14-04-2022,16.25
15-04-2022,16.25
18-04-2022,16.25
19-04-2022,16.25
20-04-2022,16.24
21-04-2022,16.25
22-04-2022,16.25
25-04-2022,16.25
26-04-2022,16.31
27-04-2022,16.35
28-04-2022,16.5
29-04-2022,16.56
04-05-2022,13.68
05-05-2022,14.0
06-05-2022,14.15
11-05-2022,14.09
12-05-2022,14.1
13-05-2022,14.16
16-05-2022,13.53
17-05-2022,13.98
18-05-2022,13.96
19-05-2022,13.89
20-05-2022,13.68
23-05-2022,13.66
24-05-2022,13.5
25-05-2022,13.54
26-05-2022,13.34
27-05-2022,10.65
30-05-2022,10.7
31-05-2022,10.75
01-06-2022,10.65
02-06-2022,10.64
03-06-2022,10.64
06-06-2022,10.38
07-06-2022,10.29
08-06-2022,10.49
09-06-2022,10.83
10-06-2022,10.6
14-06-2022,9.71
15-06-2022,9.6
16-06-2022,9.3
17-06-2022,8.99
20-06-2022,8.75
21-06-2022,8.89
22-06-2022,8.89
23-06-2022,8.95
24-06-2022,8.86
27-06-2022,8.85
28-06-2022,8.99
29-06-2022,8.99
30-06-2022,9.0
01-07-2022,8.9
04-07-2022,8.76
05-07-2022,8.76
06-07-2022,8.83
07-07-2022,8.94
08-07-2022,9.1
11-07-2022,9.35
12-07-2022,9.56
13-07-2022,9.1
14-07-2022,9.23
15-07-2022,9.34
18-07-2022,9.35
19-07-2022,9.32
20-07-2022,9.29
21-07-2022,9.31
22-07-2022,9.24
25-07-2022,8.05
26-07-2022,8.09
27-07-2022,8.26
28-07-2022,8.1
29-07-2022,8.1
01-08-2022,8.09
02-08-2022,8.05
03-08-2022,7.99
04-08-2022,7.76
05-08-2022,7.74
08-08-2022,7.58
09-08-2022,8.03
10-08-2022,7.89
11-08-2022,8.07
12-08-2022,8.19
15-08-2022,8.08
16-08-2022,7.94
17-08-2022,7.86
18-08-2022,7.87
19-08-2022,8.03
22-08-2022,7.92
23-08-2022,7.99
24-08-2022,7.96
25-08-2022,7.91
26-08-2022,7.89
29-08-2022,8.02
30-08-2022,7.89
31-08-2022,8.03
01-09-2022,7.94
02-09-2022,7.84
05-09-2022,7.9
06-09-2022,7.8
07-09-2022,7.81
08-09-2022,7.8
09-09-2022,7.82
12-09-2022,7.54
13-09-2022,7.77
14-09-2022,7.7
15-09-2022,7.74
16-09-2022,7.59
19-09-2022,7.34
20-09-2022,7.41
21-09-2022,7.54
22-09-2022,7.59
23-09-2022,7.52
26-09-2022,7.5
27-09-2022,7.58
28-09-2022,7.73
29-09-2022,7.89
30-09-2022,7.86
03-10-2022,8.17
04-10-2022,7.92
05-10-2022,7.9
06-10-2022,7.95
07-10-2022,7.97
10-10-2022,7.62
11-10-2022,7.55
12-10-2022,7.62
13-10-2022,7.65
14-10-2022,7.6
17-10-2022,7.56
18-10-2022,7.63
19-10-2022,7.65
20-10-2022,7.71
21-10-2022,7.72
24-10-2022,7.69
25-10-2022,7.7
26-10-2022,7.65
27-10-2022,7.62
28-10-2022,7.64
31-10-2022,7.54
01-11-2022,7.6
02-11-2022,7.65
03-11-2022,7.68
07-11-2022,7.63
08-11-2022,7.6
09-11-2022,7.68
10-11-2022,7.58
11-11-2022,7.09
14-11-2022,6.95
15-11-2022,7.09
16-11-2022,7.54
17-11-2022,7.55
18-11-2022,7.54
21-11-2022,7.42
22-11-2022,7.25
23-11-2022,6.92
24-11-2022,6.82
25-11-2022,7.03
28-11-2022,7.06
29-11-2022,7.14
30-11-2022,7.18
01-12-2022,7.22
02-12-2022,7.42
05-12-2022,7.29
06-12-2022,7.21
07-12-2022,7.26
08-12-2022,7.28
09-12-2022,7.3
12-12-2022,7.24
13-12-2022,7.22
14-12-2022,7.23
15-12-2022,7.24
16-12-2022,7.43
19-12-2022,7.38
20-12-2022,7.42
21-12-2022,7.41
22-12-2022,7.36
23-12-2022,7.35
26-12-2022,7.39
27-12-2022,7.32
28-12-2022,7.36
29-12-2022,7.37
09-01-2023,7.34
10-01-2023,7.21
11-01-2023,7.01
12-01-2023,6.94
13-01-2023,6.75
16-01-2023,6.87
17-01-2023,6.96
18-01-2023,6.99
19-01-2023,6.96
20-01-2023,6.94
23-01-2023,6.99
24-01-2023,6.97
25-01-2023,6.99
26-01-2023,6.97
27-01-2023,7.0
30-01-2023,7.0
31-01-2023,7.11
01-02-2023,7.07
02-02-2023,7.01
03-02-2023,7.0
06-02-2023,6.97
07-02-2023,6.89
08-02-2023,6.9
09-02-2023,6.89
10-02-2023,6.89
13-02-2023,6.83
14-02-2023,7.26
15-02-2023,7.1
16-02-2023,7.18
17-02-2023,7.27
20-02-2023,7.31
21-02-2023,7.4
22-02-2023,7.49
27-02-2023,7.46
28-02-2023,7.51
01-03-2023,7.6
02-03-2023,7.61
03-03-2023,7.65
06-03-2023,7.6
07-03-2023,7.61
09-03-2023,7.59
10-03-2023,7.35
13-03-2023,7.02
14-03-2023,7.14
15-03-2023,7.29
16-03-2023,7.29
17-03-2023,7.28
20-03-2023,7.25
21-03-2023,7.26
22-03-2023,7.27
23-03-2023,7.11
24-03-2023,7.06
27-03-2023,7.11
28-03-2023,7.35
29-03-2023,7.43
30-03-2023,7.34
31-03-2023,7.25
03-04-2023,7.18
04-04-2023,6.98
05-04-2023,6.98
06-04-2023,6.92
07-04-2023,7.14
10-04-2023,7.08
11-04-2023,7.3
12-04-2023,7.18
13-04-2023,7.19
14-04-2023,7.35
17-04-2023,7.38
18-04-2023,7.45
19-04-2023,7.32
20-04-2023,7.26
21-04-2023,7.21
24-04-2023,6.98
25-04-2023,6.97
26-04-2023,6.81
27-04-2023,6.78
28-04-2023,7.53
02-05-2023,7.44
03-05-2023,7.11
04-05-2023,7.0
05-05-2023,6.91
10-05-2023,6.96
11-05-2023,6.95
12-05-2023,6.83
15-05-2023,7.39
16-05-2023,7.38
17-05-2023,7.28
18-05-2023,7.3
19-05-2023,7.3
22-05-2023,7.31
23-05-2023,7.23
24-05-2023,7.31
25-05-2023,7.22
26-05-2023,7.32
29-05-2023,7.3
30-05-2023,7.32
31-05-2023,7.37
01-06-2023,7.27
02-06-2023,7.33
05-06-2023,7.36
06-06-2023,7.32
07-06-2023,7.39
08-06-2023,7.31
09-06-2023,7.28
13-06-2023,7.49
14-06-2023,7.34
15-06-2023,7.35
16-06-2023,7.3
19-06-2023,7.25
20-06-2023,7.22
21-06-2023,7.25
22-06-2023,7.15
23-06-2023,7.13
26-06-2023,7.15
27-06-2023,7.14
28-06-2023,7.26
29-06-2023,7.41
30-06-2023,7.45
03-07-2023,7.34
04-07-2023,7.35
05-07-2023,7.31
06-07-2023,7.37
07-07-2023,7.35
10-07-2023,7.4
11-07-2023,7.58
12-07-2023,7.56
13-07-2023,7.66
14-07-2023,7.8
17-07-2023,8.09
18-07-2023,7.78
19-07-2023,7.96
20-07-2023,7.99
21-07-2023,8.04
24-07-2023,8.25
25-07-2023,8.16
26-07-2023,8.25
27-07-2023,8.4
28-07-2023,8.38
31-07-2023,8.42
01-08-2023,8.47
02-08-2023,8.49
03-08-2023,8.29
04-08-2023,8.17
07-08-2023,8.21
08-08-2023,8.48
09-08-2023,8.35
10-08-2023,8.35
11-08-2023,8.33
14-08-2023,8.51
15-08-2023,11.69
16-08-2023,11.77
17-08-2023,11.88
18-08-2023,11.81
21-08-2023,11.86
22-08-2023,11.89
23-08-2023,11.86
24-08-2023,11.91
25-08-2023,11.9
28-08-2023,11.91
29-08-2023,11.92
30-08-2023,11.92
31-08-2023,11.84
01-09-2023,11.9
04-09-2023,11.94
05-09-2023,11.96
06-09-2023,11.91
07-09-2023,11.96
08-09-2023,11.92
11-09-2023,11.95
12-09-2023,12.01
13-09-2023,11.99
14-09-2023,12.2
15-09-2023,12.41
18-09-2023,12.7
19-09-2023,12.55
20-09-2023,12.44
21-09-2023,12.45
22-09-2023,12.45
25-09-2023,12.39
26-09-2023,12.39
27-09-2023,12.47
28-09-2023,12.38
29-09-2023,12.43
02-10-2023,12.49
03-10-2023,12.44
04-10-2023,12.43
05-10-2023,12.48
06-10-2023,12.43
09-10-2023,12.99
10-10-2023,13.06
11-10-2023,12.69
12-10-2023,13.0
13-10-2023,13.15
16-10-2023,13.19
17-10-2023,13.17
18-10-2023,13.2
19-10-2023,13.17
20-10-2023,13.14
23-10-2023,13.11
24-10-2023,13.11
25-10-2023,12.87
26-10-2023,12.68
27-10-2023,12.67
30-10-2023,14.75
31-10-2023,14.5
01-11-2023,14.43
02-11-2023,14.31
03-11-2023,14.23
07-11-2023,14.18
08-11-2023,14.25
09-11-2023,14.41
10-11-2023,14.63
13-11-2023,14.8
14-11-2023,14.92
15-11-2023,14.73
16-11-2023,15.01
17-11-2023,15.03
20-11-2023,15.02
21-11-2023,15.08
22-11-2023,15.17
23-11-2023,15.02
24-11-2023,15.19
27-11-2023,15.17
28-11-2023,15.2
29-11-2023,15.06
30-11-2023,14.91
01-12-2023,14.9
04-12-2023,14.78
05-12-2023,14.7
06-12-2023,14.55
07-12-2023,14.52
08-12-2023,14.49
11-12-2023,14.98
12-12-2023,15.0
13-12-2023,15.16
14-12-2023,15.39
15-12-2023,15.73
18-12-2023,15.71
19-12-2023,15.5
20-12-2023,15.53
21-12-2023,15.34
22-12-2023,15.3
25-12-2023,15.3
26-12-2023,15.25
27-12-2023,15.25
28-12-2023,15.27
09-01-2024,15.59
10-01-2024,15.34
11-01-2024,15.2
12-01-2024,15.15
15-01-2024,15.42
16-01-2024,15.56
17-01-2024,15.59
18-01-2024,15.62
19-01-2024,15.8
22-01-2024,15.83
23-01-2024,15.98
24-01-2024,15.98
25-01-2024,16.0
26-01-2024,15.74
29-01-2024,16.0
30-01-2024,16.01
31-01-2024,16.0
01-02-2024,15.82
02-02-2024,15.97
05-02-2024,16.0
06-02-2024,16.0
07-02-2024,15.96
08-02-2024,15.87
09-02-2024,15.94
12-02-2024,16.0
13-02-2024,15.84
14-02-2024,15.79
15-02-2024,15.75
16-02-2024,15.74
19-02-2024,15.74
20-02-2024,15.75
21-02-2024,15.75
22-02-2024,15.75
26-02-2024,15.74
27-02-2024,15.71
28-02-2024,15.7
29-02-2024,15.75
01-03-2024,15.44
04-03-2024,15.46
05-03-2024,15.34
06-03-2024,15.4
07-03-2024,15.67
11-03-2024,15.89
12-03-2024,16.0
13-03-2024,15.75
14-03-2024,15.75
15-03-2024,15.74
18-03-2024,15.72
19-03-2024,15.68
20-03-2024,15.7
21-03-2024,15.54
22-03-2024,15.35
25-03-2024,15.29
26-03-2024,15.5
27-03-2024,15.25
28-03-2024,15.42
29-03-2024,15.99
01-04-2024,15.63
02-04-2024,15.49
03-04-2024,15.7
04-04-2024,15.67
05-04-2024,15.72
08-04-2024,15.86
09-04-2024,15.9
10-04-2024,15.61
11-04-2024,15.64
12-04-2024,15.73
15-04-2024,15.7
16-04-2024,15.74
17-04-2024,15.72
18-04-2024,15.72
19-04-2024,15.73
22-04-2024,15.69
23-04-2024,15.73
24-04-2024,15.6
25-04-2024,15.59
26-04-2024,15.7
27-04-2024,15.86
02-05-2024,15.73
03-05-2024,15.95
06-05-2024,16.18
07-05-2024,16.14
08-05-2024,16.01
13-05-2024,16.21
14-05-2024,16.1
15-05-2024,16.0
16-05-2024,15.9
17-05-2024,15.85
20-05-2024,15.85
21-05-2024,15.85
22-05-2024,15.85
23-05-2024,15.85
24-05-2024,15.84
27-05-2024,15.8
28-05-2024,15.89
29-05-2024,15.86
30-05-2024,15.95
31-05-2024,16.14
03-06-2024,15.97
04-06-2024,15.83
05-06-2024,16.0
06-06-2024,16.12
07-06-2024,16.0
10-06-2024,15.85
11-06-2024,15.6
13-06-2024,15.7
14-06-2024,15.64
17-06-2024,15.6
18-06-2024,15.51
19-06-2024,15.37
20-06-2024,15.33
21-06-2024,15.25
24-06-2024,15.32
25-06-2024,15.51
26-06-2024,15.6
27-06-2024,15.51
28-06-2024,15.66
01-07-2024,16.04
02-07-2024,16.04
03-07-2024,16.14
04-07-2024,16.0
05-07-2024,16.0
08-07-2024,15.59
09-07-2024,15.92
10-07-2024,16.27
11-07-2024,16.46
12-07-2024,16.47
15-07-2024,16.18
16-07-2024,16.29
17-07-2024,16.2
18-07-2024,16.08
19-07-2024,15.88
22-07-2024,15.59
23-07-2024,15.44
24-07-2024,15.29
25-07-2024,15.34
26-07-2024,15.55
29-07-2024,17.27
30-07-2024,17.29
31-07-2024,17.28
01-08-2024,17.21
02-08-2024,17.22
05-08-2024,17.17
06-08-2024,17.14
07-08-2024,17.22
08-08-2024,17.23
09-08-2024,17.25
12-08-2024,17.95
13-08-2024,18.1
14-08-2024,17.65
15-08-2024,17.67
16-08-2024,17.65
19-08-2024,17.59
20-08-2024,17.62
21-08-2024,17.67
22-08-2024,17.95
23-08-2024,18.16
26-08-2024,18.22
27-08-2024,18.25
28-08-2024,18.0
29-08-2024,18.45
30-08-2024,18.98
02-09-2024,18.6
03-09-2024,18.29
04-09-2024,18.39
05-09-2024,18.46
06-09-2024,18.38
09-09-2024,17.91
10-09-2024,17.56
11-09-2024,18.15
12-09-2024,18.41
13-09-2024,18.47
16-09-2024,19.04
17-09-2024,18.65
18-09-2024,18.51
19-09-2024,18.48
20-09-2024,18.48
23-09-2024,18.49
24-09-2024,18.47
25-09-2024,18.35
26-09-2024,18.37
27-09-2024,18.33
30-09-2024,18.41
01-10-2024,18.3
02-10-2024,18.35
03-10-2024,18.28
04-10-2024,18.27
07-10-2024,18.25
08-10-2024,18.79
09-10-2024,18.56
10-10-2024,18.65
11-10-2024,18.62
14-10-2024,18.61
15-10-2024,18.61
16-10-2024,18.52
17-10-2024,18.8
18-10-2024,18.75
21-10-2024,18.64
22-10-2024,18.66
23-10-2024,18.71
24-10-2024,18.64
25-10-2024,18.72
28-10-2024,20.49
29-10-2024,20.54
30-10-2024,20.42
31-10-2024,20.57
01-11-2024,20.37
02-11-2024,20.4
05-11-2024,20.29
06-11-2024,20.27
07-11-2024,20.3
08-11-2024,20.49
11-11-2024,20.82
12-11-2024,21.09
13-11-2024,20.85
14-11-2024,20.7
15-11-2024,20.78
18-11-2024,20.75
19-11-2024,20.65
20-11-2024,20.69
21-11-2024,20.52
22-11-2024,20.63
25-11-2024,20.44
26-11-2024,20.5
27-11-2024,20.64
28-11-2024,20.87
29-11-2024,21.09
02-12-2024,21.22
03-12-2024,20.96
04-12-2024,20.97
05-12-2024,20.98
06-12-2024,20.73
09-12-2024,20.44
10-12-2024,20.64
11-12-2024,21.31
12-12-2024,21.8
13-12-2024,21.96
16-12-2024,22.02
17-12-2024,22.08
18-12-2024,21.98
19-12-2024,21.97
20-12-2024,20.99
23-12-2024,20.52
24-12-2024,20.48
25-12-2024,20.5
26-12-2024,20.5
27-12-2024,20.47
09-01-2025,21.0
10-01-2025,20.62
13-01-2025,20.49
14-01-2025,21.0
15-01-2025,20.74
16-01-2025,20.85
17-01-2025,21.06
20-01-2025,21.08
21-01-2025,21.18
22-01-2025,20.84
23-01-2025,20.73
24-01-2025,20.73
27-01-2025,20.71
28-01-2025,20.72
29-01-2025,20.68
30-01-2025,20.68
31-01-2025,20.76
03-02-2025,20.56
04-02-2025,20.26
05-02-2025,20.26
06-02-2025,20.26
07-02-2025,20.26
10-02-2025,20.43
11-02-2025,21.14
12-02-2025,20.76
13-02-2025,20.85
14-02-2025,20.98
17-02-2025,20.97
18-02-2025,20.97
19-02-2025,20.97
20-02-2025,21.0
21-02-2025,21.12
24-02-2025,21.07
25-02-2025,21.16
26-02-2025,21.17
27-02-2025,21.16
28-02-2025,21.17
03-03-2025,21.14
04-03-2025,21.24
05-03-2025,21.29
06-03-2025,21.37
07-03-2025,21.4
10-03-2025,21.45
11-03-2025,21.16
12-03-2025,21.21
13-03-2025,21.18
14-03-2025,21.5
17-03-2025,21.41
18-03-2025,21.4
19-03-2025,21.45
20-03-2025,21.45
21-03-2025,21.48
24-03-2025,21.58
25-03-2025,21.54
26-03-2025,21.53
27-03-2025,21.47
28-03-2025,21.06
31-03-2025,21.45
01-04-2025,21.49
02-04-2025,21.54
03-04-2025,21.55
04-04-2025,21.55
07-04-2025,21.66
08-04-2025,21.29
09-04-2025,21.5
10-04-2025,21.53
11-04-2025,21.54
14-04-2025,21.5
15-04-2025,21.28
16-04-2025,20.97
17-04-2025,20.66
18-04-2025,20.65
21-04-2025,20.67
22-04-2025,20.65
23-04-2025,20.69
24-04-2025,20.77
25-04-2025,20.77
28-04-2025,20.62
29-04-2025,20.72
30-04-2025,20.74
05-05-2025,20.65
06-05-2025,20.57
07-05-2025,20.67
12-05-2025,20.67
13-05-2025,20.67
14-05-2025,20.87
15-05-2025,20.93
16-05-2025,20.92
19-05-2025,20.9
20-05-2025,20.87
21-05-2025,20.86
22-05-2025,20.83
23-05-2025,20.79
26-05-2025,20.71
27-05-2025,20.75
28-05-2025,20.89
29-05-2025,20.77
30-05-2025,21.03
02-06-2025,21.08
03-06-2025,21.11
04-06-2025,20.79
05-06-2025,20.79
06-06-2025,20.6
09-06-2025,19.72
10-06-2025,19.8
11-06-2025,19.88
16-06-2025,19.75
17-06-2025,19.79
18-06-2025,19.81
19-06-2025,19.73
20-06-2025,19.73
23-06-2025,19.72
24-06-2025,19.73
25-06-2025,19.73
26-06-2025,19.71
27-06-2025,19.86
30-06-2025,20.23
01-07-2025,19.96
02-07-2025,20.06
03-07-2025,19.99
04-07-2025,20.0
07-07-2025,20.0
08-07-2025,19.95
09-07-2025,19.66
10-07-2025,19.37
11-07-2025,19.25
14-07-2025,19.22
15-07-2025,19.24
16-07-2025,19.17
17-07-2025,19.21
18-07-2025,19.13
21-07-2025,19.1
22-07-2025,19.1
23-07-2025,19.1
24-07-2025,19.11
25-07-2025,19.12
28-07-2025,18.48
29-07-2025,18.58
30-07-2025,18.5
31-07-2025,18.23
01-08-2025,18.09
04-08-2025,17.93
05-08-2025,17.75
06-08-2025,17.77
07-08-2025,17.77
08-08-2025,17.75
11-08-2025,17.59
12-08-2025,17.09
13-08-2025,17.73
14-08-2025,17.77
15-08-2025,17.81
18-08-2025,17.68
19-08-2025,17.74
20-08-2025,17.72
21-08-2025,17.76
22-08-2025,17.74
25-08-2025,17.74
26-08-2025,17.75
27-08-2025,17.72
28-08-2025,17.75
29-08-2025,17.75
01-09-2025,17.75
02-09-2025,17.75
03-09-2025,17.74
04-09-2025,17.75
05-09-2025,17.73
08-09-2025,17.72
09-09-2025,17.75
10-09-2025,17.07
11-09-2025,17.05
12-09-2025,17.06
15-09-2025,16.76
16-09-2025,16.79
17-09-2025,16.83
18-09-2025,16.88
19-09-2025,16.96
22-09-2025,16.96
23-09-2025,16.92
24-09-2025,16.91
25-09-2025,17.0
26-09-2025,17.0
29-09-2025,17.0
30-09-2025,16.99
01-10-2025,16.8
02-10-2025,16.76
03-10-2025,16.79
06-10-2025,16.83
07-10-2025,16.83
08-10-2025,16.75
09-10-2025,16.75
10-10-2025,16.35
13-10-2025,16.35
14-10-2025,16.35
15-10-2025,16.35
16-10-2025,16.39
17-10-2025,16.45
20-10-2025,16.44
21-10-2025,16.37
22-10-2025,16.43
23-10-2025,16.39
24-10-2025,16.42
27-10-2025,16.25
28-10-2025,16.4
29-10-2025,16.37
30-10-2025,16.27
31-10-2025,16.29
01-11-2025,16.33
05-11-2025,16.33
06-11-2025,16.38
07-11-2025,16.44
10-11-2025,16.41
11-11-2025,16.18
12-11-2025,16.36
13-11-2025,16.46
14-11-2025,16.49
17-11-2025,16.41
18-11-2025,16.41
19-11-2025,16.29
20-11-2025,16.25
21-11-2025,16.24
24-11-2025,16.24
25-11-2025,16.24
26-11-2025,16.23
27-11-2025,16.21
28-11-2025,16.25
01-12-2025,16.23
02-12-2025,16.23
03-12-2025,16.2
04-12-2025,16.39
05-12-2025,16.48
08-12-2025,16.49
09-12-2025,16.37
10-12-2025,16.08
11-12-2025,15.99
12-12-2025,15.91
15-12-2025,15.85
16-12-2025,15.84
17-12-2025,15.84
18-12-2025,15.84
19-12-2025,15.85
22-12-2025,15.77
23-12-2025,16.07
24-12-2025,15.88
25-12-2025,15.83
26-12-2025,15.85
29-12-2025,15.85
12-01-2026,15.57
13-01-2026,15.28
14-01-2026,15.63
15-01-2026,15.72
16-01-2026,15.88
19-01-2026,15.78
20-01-2026,15.77
21-01-2026,15.75
22-01-2026,15.74
23-01-2026,15.61
26-01-2026,15.64
27-01-2026,15.64
28-01-2026,15.66
29-01-2026,15.89
30-01-2026,15.83
02-02-2026,15.75
03-02-2026,15.74
04-02-2026,15.61
05-02-2026,15.52
06-02-2026,15.34
09-02-2026,15.26
10-02-2026,15.17
11-02-2026,15.25
12-02-2026,15.25
13-02-2026,15.25
16-02-2026,15.02
17-02-2026,15.12
18-02-2026,15.24
19-02-2026,15.25
20-02-2026,15.3
24-02-2026,15.31
25-02-2026,15.25
26-02-2026,15.25
27-02-2026,15.3
02-03-2026,15.26
03-03-2026,15.29
04-03-2026,15.34
05-03-2026,15.4
06-03-2026,15.4
10-03-2026,15.36
11-03-2026,15.03
12-03-2026,14.96
13-03-2026,14.85
16-03-2026,14.81
17-03-2026,14.76
18-03-2026,14.76
19-03-2026,14.79
20-03-2026,14.79
23-03-2026,14.69
24-03-2026,14.87
25-03-2026,14.9
26-03-2026,14.77
27-03-2026,14.75
30-03-2026,14.82
31-03-2026,14.87
01-04-2026,14.89
02-04-2026,14.91
03-04-2026,14.92
06-04-2026,14.88
07-04-2026,14.83
08-04-2026,14.83
09-04-2026,14.81
10-04-2026,14.77
13-04-2026,14.69
14-04-2026,14.49
15-04-2026,14.54
16-04-2026,14.5
17-04-2026,14.48
20-04-2026,14.42
21-04-2026,14.44
22-04-2026,14.44
23-04-2026,14.44
24-04-2026,14.37
27-04-2026,14.44
28-04-2026,14.92
29-04-2026,14.55
30-04-2026,14.49
04-05-2026,14.33
05-05-2026,14.19
06-05-2026,14.07
07-05-2026,14.07
